#
# Converted from MS Access 2010 Northwind database (northwind.accdb) using
# Bullzip MS Access to MySQL Version 5.1.242. http://www.bullzip.com
#
# CHANGES MADE AFTER INITIAL CONVERSION
# * column and row names in CamelCase converted to lower_case_with_underscore
# * space and slash ("/") in table and column names replaced with _underscore_
# * id column names converted to "id"
# * foreign key column names converted to xxx_id
# * variables of type TIMESTAMP converted to DATETIME to avoid TIMESTAMP
#   range limitation (1997 - 2038 UTC), and other limitations.
# * unique and foreign key checks disabled while loading data
#
#------------------------------------------------------------------
#

SET @OLD_UNIQUE_CHECKS=@@UNIQUE_CHECKS, UNIQUE_CHECKS=0;
SET @OLD_FOREIGN_KEY_CHECKS=@@FOREIGN_KEY_CHECKS, FOREIGN_KEY_CHECKS=0;

USE `shadow`;

-- populate Employees
INSERT INTO mytable(EmployeeID,FirstName,LastName,Email,ManagerID,Position,HireDate,AccessLevel,Salary) VALUES ('45-2574246','Penelope','Parish','pparish0@shadowandpage.com',NULL,'Bookstore Assistant','2016-06-18',3,41260);
INSERT INTO mytable(EmployeeID,FirstName,LastName,Email,ManagerID,Position,HireDate,AccessLevel,Salary) VALUES ('76-8609076','Zahara','Gutcher','zgutcher1@shadowandpage.com',NULL,'R&D Analyst','2011-11-18',4,37525);
INSERT INTO mytable(EmployeeID,FirstName,LastName,Email,ManagerID,Position,HireDate,AccessLevel,Salary) VALUES ('36-2145247','Claudette','Smartman','csmartman2@shadowandpage.com',NULL,'Research and Development Coordinator','2017-01-20',7,97287);
INSERT INTO mytable(EmployeeID,FirstName,LastName,Email,ManagerID,Position,HireDate,AccessLevel,Salary) VALUES ('69-9240147','Irina','Ingley','iingley3@shadowandpage.com',NULL,'Bookstore Clerk','2014-01-26',1,123039);
INSERT INTO mytable(EmployeeID,FirstName,LastName,Email,ManagerID,Position,HireDate,AccessLevel,Salary) VALUES ('87-4548130','Callida','Ray','cray4@shadowandpage.com',NULL,'Bookstore Clerk','2016-07-26',3,102237);
INSERT INTO mytable(EmployeeID,FirstName,LastName,Email,ManagerID,Position,HireDate,AccessLevel,Salary) VALUES ('64-9534832','Theodora','Cluckie','tcluckie5@shadowandpage.com',NULL,'R&D Scientist','2015-06-03',8,117667);
INSERT INTO mytable(EmployeeID,FirstName,LastName,Email,ManagerID,Position,HireDate,AccessLevel,Salary) VALUES ('26-5952292','Coralyn','Verchambre','cverchambre6@shadowandpage.com',NULL,'R&D Analyst','2018-07-18',7,140948);
INSERT INTO mytable(EmployeeID,FirstName,LastName,Email,ManagerID,Position,HireDate,AccessLevel,Salary) VALUES ('93-5220824','Tabbatha','Volonte','tvolonte7@shadowandpage.com',NULL,'Bookstore Clerk','2017-06-23',6,121801);
INSERT INTO mytable(EmployeeID,FirstName,LastName,Email,ManagerID,Position,HireDate,AccessLevel,Salary) VALUES ('16-8760764','Arlen','Plumstead','aplumstead8@shadowandpage.com',NULL,'R&D Scientist','2017-10-22',5,113682);
INSERT INTO mytable(EmployeeID,FirstName,LastName,Email,ManagerID,Position,HireDate,AccessLevel,Salary) VALUES ('22-7682290','Melicent','Ferraro','mferraro9@shadowandpage.com',NULL,'R&D Analyst','2021-01-04',5,89981);
INSERT INTO mytable(EmployeeID,FirstName,LastName,Email,ManagerID,Position,HireDate,AccessLevel,Salary) VALUES ('05-9281379','Lee','Vogeller','lvogellera@shadowandpage.com',NULL,'Bookstore Clerk','2020-02-20',2,30812);
INSERT INTO mytable(EmployeeID,FirstName,LastName,Email,ManagerID,Position,HireDate,AccessLevel,Salary) VALUES ('27-8122552','Genia','Dible','gdibleb@shadowandpage.com',NULL,'Bookstore Clerk','2011-03-20',5,126136);
INSERT INTO mytable(EmployeeID,FirstName,LastName,Email,ManagerID,Position,HireDate,AccessLevel,Salary) VALUES ('31-7904652','Shurlock','Easter','seasterc@shadowandpage.com',NULL,'Bookstore Clerk','2018-10-27',5,37895);
INSERT INTO mytable(EmployeeID,FirstName,LastName,Email,ManagerID,Position,HireDate,AccessLevel,Salary) VALUES ('00-3523643','Kordula','Carville','kcarvilled@shadowandpage.com',NULL,'R&D Analyst','2014-05-04',5,84579);

-- populate department
INSERT INTO Department(DepartmentID,DepartmentName,ManagerID) VALUES (1,'Department of Dark Arts','94-4608853');
INSERT INTO Department(DepartmentID,DepartmentName,ManagerID) VALUES (2,'Section of Cursed Objects','46-3056763');
INSERT INTO Department(DepartmentID,DepartmentName,ManagerID) VALUES (3,'Witchcraft and Wizardry Department','49-7413559');
INSERT INTO Department(DepartmentID,DepartmentName,ManagerID) VALUES (4,'Realm of the Occult','53-0390192');

-- populate genre
INSERT INTO Genre(GenreID,Genre) VALUES (1,'Historical Non-fiction');
INSERT INTO Genre(GenreID,Genre) VALUES (2,'Comedy');
INSERT INTO Genre(GenreID,Genre) VALUES (3,'Drama');
INSERT INTO Genre(GenreID,Genre) VALUES (4,'Comedy');
INSERT INTO Genre(GenreID,Genre) VALUES (5,'Comedy/Drama');
INSERT INTO Genre(GenreID,Genre) VALUES (6,'Biography');
INSERT INTO Genre(GenreID,Genre) VALUES (7,'Action/Adventure');
INSERT INTO Genre(GenreID,Genre) VALUES (8,'Historical Fiction');
INSERT INTO Genre(GenreID,Genre) VALUES (9,'Sci-fi');
INSERT INTO Genre(GenreID,Genre) VALUES (10,'Romance');
INSERT INTO Genre(GenreID,Genre) VALUES (11,'Grimdark');
INSERT INTO Genre(GenreID,Genre) VALUES (12,'Fantasy');
INSERT INTO Genre(GenreID,Genre) VALUES (13,'Children');
INSERT INTO Genre(GenreID,Genre) VALUES (14,'Crime');
INSERT INTO Genre(GenreID,Genre) VALUES (15,'Children/Fantasy');

-- populate publisher
INSERT INTO Publisher(GenreID,Genre) VALUES (1,'Feedfire');
INSERT INTO Publisher(GenreID,Genre) VALUES (2,'Flashspan');
INSERT INTO Publisher(GenreID,Genre) VALUES (3,'Oyondu');
INSERT INTO Publisher(GenreID,Genre) VALUES (4,'Demivee');
INSERT INTO Publisher(GenreID,Genre) VALUES (5,'Eamia');
INSERT INTO Publisher(GenreID,Genre) VALUES (6,'Wordify');
INSERT INTO Publisher(GenreID,Genre) VALUES (7,'Photobean');
INSERT INTO Publisher(GenreID,Genre) VALUES (8,'Skidoo');
INSERT INTO Publisher(GenreID,Genre) VALUES (9,'Dabvine');
INSERT INTO Publisher(GenreID,Genre) VALUES (10,'Realmix');
INSERT INTO Publisher(GenreID,Genre) VALUES (11,'Flashset');
INSERT INTO Publisher(GenreID,Genre) VALUES (12,'Flashpoint');
INSERT INTO Publisher(GenreID,Genre) VALUES (13,'Wordify');
INSERT INTO Publisher(GenreID,Genre) VALUES (14,'Centidel');
INSERT INTO Publisher(GenreID,Genre) VALUES (15,'Dynava');
INSERT INTO Publisher(GenreID,Genre) VALUES (16,'Realfire');
INSERT INTO Publisher(GenreID,Genre) VALUES (17,'Photobug');
INSERT INTO Publisher(GenreID,Genre) VALUES (18,'Avamm');
INSERT INTO Publisher(GenreID,Genre) VALUES (19,'Skiba');
INSERT INTO Publisher(GenreID,Genre) VALUES (20,'Kwilith');

-- populate books
INSERT INTO Books(BookID,Title,Year,AuthorFirstName,AuthorLastName,GenreID,PublisherID) VALUES ('572781692-0','In congue etiam',2007,'Temp','Occleshaw',10,7);
INSERT INTO Books(BookID,Title,Year,AuthorFirstName,AuthorLastName,GenreID,PublisherID) VALUES ('796611313-2','Magnis dis parturient montes nascetur',2009,'Morganica','Calabry',6,4);
INSERT INTO Books(BookID,Title,Year,AuthorFirstName,AuthorLastName,GenreID,PublisherID) VALUES ('462243364-8','Amet',1990,'Marlene','Sacco',6,10);
INSERT INTO Books(BookID,Title,Year,AuthorFirstName,AuthorLastName,GenreID,PublisherID) VALUES ('365756327-X','Semper',2011,'Philippa','Shailer',12,9);
INSERT INTO Books(BookID,Title,Year,AuthorFirstName,AuthorLastName,GenreID,PublisherID) VALUES ('761335174-2','Ut',1997,'Gregoire','Buffery',13,8);
INSERT INTO Books(BookID,Title,Year,AuthorFirstName,AuthorLastName,GenreID,PublisherID) VALUES ('718569925-8','Vel augue vestibulum',1992,'Gawen','Sopp',9,14);
INSERT INTO Books(BookID,Title,Year,AuthorFirstName,AuthorLastName,GenreID,PublisherID) VALUES ('593468496-5','Lacus curabitur at',2003,'Kay','Mattisson',12,11);
INSERT INTO Books(BookID,Title,Year,AuthorFirstName,AuthorLastName,GenreID,PublisherID) VALUES ('176580671-2','Porta volutpat',2004,'Duffie','Renackowna',3,9);
INSERT INTO Books(BookID,Title,Year,AuthorFirstName,AuthorLastName,GenreID,PublisherID) VALUES ('710065752-0','Amet consectetuer adipiscing elit',1984,'Linnet','Jimmes',5,14);
INSERT INTO Books(BookID,Title,Year,AuthorFirstName,AuthorLastName,GenreID,PublisherID) VALUES ('012649265-4','Vestibulum ante ipsum primis in',2000,'Marji','Ikringill',13,17);
INSERT INTO Books(BookID,Title,Year,AuthorFirstName,AuthorLastName,GenreID,PublisherID) VALUES ('410340975-4','Bibendum',2010,'Emmye','Bricklebank',12,15);
INSERT INTO Books(BookID,Title,Year,AuthorFirstName,AuthorLastName,GenreID,PublisherID) VALUES ('179377259-2','Praesent id',2008,'Daniel','Enderby',15,4);
INSERT INTO Books(BookID,Title,Year,AuthorFirstName,AuthorLastName,GenreID,PublisherID) VALUES ('823924572-2','Volutpat',2012,'Victoria','Knightsbridge',15,12);
INSERT INTO Books(BookID,Title,Year,AuthorFirstName,AuthorLastName,GenreID,PublisherID) VALUES ('929033750-8','Natoque penatibus et',1997,'Bonnee','Daybell',7,10);
INSERT INTO Books(BookID,Title,Year,AuthorFirstName,AuthorLastName,GenreID,PublisherID) VALUES ('982569247-2','Proin eu mi',2004,'Gabbey','Rycraft',15,14);
INSERT INTO Books(BookID,Title,Year,AuthorFirstName,AuthorLastName,GenreID,PublisherID) VALUES ('918807657-1','Et tempus semper est',1996,'Sasha','Murrill',7,10);
INSERT INTO Books(BookID,Title,Year,AuthorFirstName,AuthorLastName,GenreID,PublisherID) VALUES ('622809793-8','At dolor quis odio consequat',1998,'Missy','Clementson',14,17);
INSERT INTO Books(BookID,Title,Year,AuthorFirstName,AuthorLastName,GenreID,PublisherID) VALUES ('919104927-X','In',1987,'Goldy','Yarrell',11,10);
INSERT INTO Books(BookID,Title,Year,AuthorFirstName,AuthorLastName,GenreID,PublisherID) VALUES ('795731795-2','Adipiscing elit',2006,'Lenee','Wenman',4,15);
INSERT INTO Books(BookID,Title,Year,AuthorFirstName,AuthorLastName,GenreID,PublisherID) VALUES ('502853149-8','Suspendisse accumsan',2012,'Ermanno','Dionisii',12,10);
INSERT INTO Books(BookID,Title,Year,AuthorFirstName,AuthorLastName,GenreID,PublisherID) VALUES ('411884381-1','Ipsum primis in faucibus orci',2001,'Harald','Worstall',6,10);
INSERT INTO Books(BookID,Title,Year,AuthorFirstName,AuthorLastName,GenreID,PublisherID) VALUES ('314639059-0','Eu interdum eu tincidunt',1991,'Tadeo','Pimlock',2,11);
INSERT INTO Books(BookID,Title,Year,AuthorFirstName,AuthorLastName,GenreID,PublisherID) VALUES ('717512420-1','Congue vivamus metus',2011,'Joanna','Screach',13,18);
INSERT INTO Books(BookID,Title,Year,AuthorFirstName,AuthorLastName,GenreID,PublisherID) VALUES ('596965374-8','Erat',1982,'Larina','Albery',6,13);
INSERT INTO Books(BookID,Title,Year,AuthorFirstName,AuthorLastName,GenreID,PublisherID) VALUES ('789590522-8','Luctus cum sociis natoque',1968,'Lacy','Raye',7,14);
INSERT INTO Books(BookID,Title,Year,AuthorFirstName,AuthorLastName,GenreID,PublisherID) VALUES ('648248417-4','Penatibus et magnis',1996,'Rosa','Norcop',9,8);
INSERT INTO Books(BookID,Title,Year,AuthorFirstName,AuthorLastName,GenreID,PublisherID) VALUES ('884010359-7','In blandit ultrices',1984,'Joana','Halfhide',8,12);
INSERT INTO Books(BookID,Title,Year,AuthorFirstName,AuthorLastName,GenreID,PublisherID) VALUES ('582851682-5','Consequat in',2005,'Pru','Messer',10,16);
INSERT INTO Books(BookID,Title,Year,AuthorFirstName,AuthorLastName,GenreID,PublisherID) VALUES ('666665413-7','Augue quam sollicitudin',1996,'Con','Bretland',9,1);
INSERT INTO Books(BookID,Title,Year,AuthorFirstName,AuthorLastName,GenreID,PublisherID) VALUES ('591267084-8','Diam in magna bibendum',2011,'Sheffie','Viant',12,5);
INSERT INTO Books(BookID,Title,Year,AuthorFirstName,AuthorLastName,GenreID,PublisherID) VALUES ('867190362-1','In lacus curabitur at',1970,'Vite','Gammons',11,10);
INSERT INTO Books(BookID,Title,Year,AuthorFirstName,AuthorLastName,GenreID,PublisherID) VALUES ('398560668-4','Rhoncus mauris enim',1994,'Gwendolen','Pengelly',10,20);
INSERT INTO Books(BookID,Title,Year,AuthorFirstName,AuthorLastName,GenreID,PublisherID) VALUES ('373413796-9','Condimentum curabitur in libero ut',2012,'Marney','Tixall',3,6);
INSERT INTO Books(BookID,Title,Year,AuthorFirstName,AuthorLastName,GenreID,PublisherID) VALUES ('208149551-1','Volutpat in congue',1992,'Ari','Macieja',9,20);
INSERT INTO Books(BookID,Title,Year,AuthorFirstName,AuthorLastName,GenreID,PublisherID) VALUES ('809930714-3','Blandit ultrices enim lorem ipsum',1994,'Henriette','Cornborough',4,10);
INSERT INTO Books(BookID,Title,Year,AuthorFirstName,AuthorLastName,GenreID,PublisherID) VALUES ('127102117-X','Quam pede lobortis ligula',2007,'Manya','Moylane',7,19);
INSERT INTO Books(BookID,Title,Year,AuthorFirstName,AuthorLastName,GenreID,PublisherID) VALUES ('708155215-3','Justo etiam pretium iaculis justo',1992,'Eliot','Olekhov',4,9);
INSERT INTO Books(BookID,Title,Year,AuthorFirstName,AuthorLastName,GenreID,PublisherID) VALUES ('448336101-5','Hac',2011,'Claudette','Hatliffe',15,17);
INSERT INTO Books(BookID,Title,Year,AuthorFirstName,AuthorLastName,GenreID,PublisherID) VALUES ('635154504-8','Volutpat sapien arcu',1999,'Aridatha','Pretor',14,17);
INSERT INTO Books(BookID,Title,Year,AuthorFirstName,AuthorLastName,GenreID,PublisherID) VALUES ('651547992-1','Faucibus cursus urna ut',2003,'Bobbe','Liebermann',13,12);
INSERT INTO Books(BookID,Title,Year,AuthorFirstName,AuthorLastName,GenreID,PublisherID) VALUES ('046466848-4','Lobortis vel dapibus at',2005,'Dewain','Bispham',7,3);
INSERT INTO Books(BookID,Title,Year,AuthorFirstName,AuthorLastName,GenreID,PublisherID) VALUES ('356425976-7','Maecenas tincidunt lacus',1996,'Elenore','Targe',2,5);
INSERT INTO Books(BookID,Title,Year,AuthorFirstName,AuthorLastName,GenreID,PublisherID) VALUES ('260894016-1','Neque',2009,'Lotty','Durward',9,19);
INSERT INTO Books(BookID,Title,Year,AuthorFirstName,AuthorLastName,GenreID,PublisherID) VALUES ('450960584-6','Aliquet',1996,'Lek','Keningham',2,13);
INSERT INTO Books(BookID,Title,Year,AuthorFirstName,AuthorLastName,GenreID,PublisherID) VALUES ('353829691-X','Suscipit',1998,'Leopold','Lardier',12,4);
INSERT INTO Books(BookID,Title,Year,AuthorFirstName,AuthorLastName,GenreID,PublisherID) VALUES ('131715511-4','Erat',2002,'Selie','Stack',6,17);
INSERT INTO Books(BookID,Title,Year,AuthorFirstName,AuthorLastName,GenreID,PublisherID) VALUES ('154724591-3','Luctus cum sociis natoque penatibus',2005,'Maurita','Crowne',4,6);
INSERT INTO Books(BookID,Title,Year,AuthorFirstName,AuthorLastName,GenreID,PublisherID) VALUES ('619110278-X','Odio in hac',2008,'Hadrian','Tiddeman',12,9);
INSERT INTO Books(BookID,Title,Year,AuthorFirstName,AuthorLastName,GenreID,PublisherID) VALUES ('123112519-5','Justo morbi ut odio',1994,'Joyann','Trouel',9,12);
INSERT INTO Books(BookID,Title,Year,AuthorFirstName,AuthorLastName,GenreID,PublisherID) VALUES ('053553440-X','Morbi odio odio elementum',1990,'Cherin','Flacke',2,13);

-- populate customers
INSERT INTO Customers(CustomerID,LastName,FirstName,Email) VALUES (1,'Quinlan','Florie','fquinlan0@si.edu');
INSERT INTO Customers(CustomerID,LastName,FirstName,Email) VALUES (2,'Addinall','Northrop','naddinall1@storify.com');
INSERT INTO Customers(CustomerID,LastName,FirstName,Email) VALUES (3,'Head','Saunder','shead2@theatlantic.com');
INSERT INTO Customers(CustomerID,LastName,FirstName,Email) VALUES (4,'Barkworth','Melessa','mbarkworth3@unblog.fr');
INSERT INTO Customers(CustomerID,LastName,FirstName,Email) VALUES (5,'Jacqueme','Ikey','ijacqueme4@devhub.com');
INSERT INTO Customers(CustomerID,LastName,FirstName,Email) VALUES (6,'Brayford','Darsey','dbrayford5@usgs.gov');
INSERT INTO Customers(CustomerID,LastName,FirstName,Email) VALUES (7,'Braikenridge','Bjorn','bbraikenridge6@fotki.com');
INSERT INTO Customers(CustomerID,LastName,FirstName,Email) VALUES (8,'Bertomeu','Marie','mbertomeu7@jugem.jp');
INSERT INTO Customers(CustomerID,LastName,FirstName,Email) VALUES (9,'Molyneux','Emmey','emolyneux8@shinystat.com');
INSERT INTO Customers(CustomerID,LastName,FirstName,Email) VALUES (10,'Greatbank','Coleman','cgreatbank9@dropbox.com');
INSERT INTO Customers(CustomerID,LastName,FirstName,Email) VALUES (11,'Lonnon','Karalynn','klonnona@newyorker.com');
INSERT INTO Customers(CustomerID,LastName,FirstName,Email) VALUES (12,'Grzelewski','Turner','tgrzelewskib@si.edu');
INSERT INTO Customers(CustomerID,LastName,FirstName,Email) VALUES (13,'Tumbridge','Rodger','rtumbridgec@ihg.com');
INSERT INTO Customers(CustomerID,LastName,FirstName,Email) VALUES (14,'Birchenhead','Edgar','ebirchenheadd@barnesandnoble.com');
INSERT INTO Customers(CustomerID,LastName,FirstName,Email) VALUES (15,'Coda','Jaymie','jcodae@house.gov');
INSERT INTO Customers(CustomerID,LastName,FirstName,Email) VALUES (16,'Cherrett','Hewett','hcherrettf@nih.gov');
INSERT INTO Customers(CustomerID,LastName,FirstName,Email) VALUES (17,'Muddimer','Fin','fmuddimerg@slate.com');
INSERT INTO Customers(CustomerID,LastName,FirstName,Email) VALUES (18,'Rolfo','Chic','crolfoh@state.tx.us');
INSERT INTO Customers(CustomerID,LastName,FirstName,Email) VALUES (19,'Lansdowne','Allsun','alansdownei@irs.gov');
INSERT INTO Customers(CustomerID,LastName,FirstName,Email) VALUES (20,'Askem','Bibi','baskemj@squidoo.com');
INSERT INTO Customers(CustomerID,LastName,FirstName,Email) VALUES (21,'Molineux','Thomas','tmolineuxk@ameblo.jp');
INSERT INTO Customers(CustomerID,LastName,FirstName,Email) VALUES (22,'Petrelli','Derrik','dpetrellil@icq.com');
INSERT INTO Customers(CustomerID,LastName,FirstName,Email) VALUES (23,'Vassall','Vitoria','vvassallm@creativecommons.org');
INSERT INTO Customers(CustomerID,LastName,FirstName,Email) VALUES (24,'Szanto','Alfy','aszanton@google.it');
INSERT INTO Customers(CustomerID,LastName,FirstName,Email) VALUES (25,'Kobes','Corrina','ckobeso@mail.ru');
INSERT INTO Customers(CustomerID,LastName,FirstName,Email) VALUES (26,'Yeoland','Allianora','ayeolandp@cdc.gov');
INSERT INTO Customers(CustomerID,LastName,FirstName,Email) VALUES (27,'Lahy','Killie','klahyq@squarespace.com');
INSERT INTO Customers(CustomerID,LastName,FirstName,Email) VALUES (28,'Chadney','Leontine','lchadneyr@mayoclinic.com');
INSERT INTO Customers(CustomerID,LastName,FirstName,Email) VALUES (29,'Bond','Amble','abonds@mlb.com');
INSERT INTO Customers(CustomerID,LastName,FirstName,Email) VALUES (30,'Orrett','Kellia','korrettt@mayoclinic.com');
INSERT INTO Customers(CustomerID,LastName,FirstName,Email) VALUES (31,'Everington','Mavis','meveringtonu@reddit.com');
INSERT INTO Customers(CustomerID,LastName,FirstName,Email) VALUES (32,'Chiene','Maritsa','mchienev@bbc.co.uk');
INSERT INTO Customers(CustomerID,LastName,FirstName,Email) VALUES (33,'Inglesfield','Culley','cinglesfieldw@ow.ly');
INSERT INTO Customers(CustomerID,LastName,FirstName,Email) VALUES (34,'Arundell','Jess','jarundellx@rediff.com');
INSERT INTO Customers(CustomerID,LastName,FirstName,Email) VALUES (35,'Hoyer','Nessy','nhoyery@archive.org');
INSERT INTO Customers(CustomerID,LastName,FirstName,Email) VALUES (36,'Dionsetti','Gawain','gdionsettiz@google.ru');
INSERT INTO Customers(CustomerID,LastName,FirstName,Email) VALUES (37,'Straniero','Luther','lstraniero10@redcross.org');
INSERT INTO Customers(CustomerID,LastName,FirstName,Email) VALUES (38,'Crighten','Lyda','lcrighten11@addthis.com');
INSERT INTO Customers(CustomerID,LastName,FirstName,Email) VALUES (39,'Liff','Alaric','aliff12@clickbank.net');
INSERT INTO Customers(CustomerID,LastName,FirstName,Email) VALUES (40,'Davet','Meghan','mdavet13@clickbank.net');
INSERT INTO Customers(CustomerID,LastName,FirstName,Email) VALUES (41,'Halahan','Melicent','mhalahan14@shinystat.com');
INSERT INTO Customers(CustomerID,LastName,FirstName,Email) VALUES (42,'Hothersall','Garwood','ghothersall15@imgur.com');
INSERT INTO Customers(CustomerID,LastName,FirstName,Email) VALUES (43,'McGhee','Reuven','rmcghee16@ezinearticles.com');
INSERT INTO Customers(CustomerID,LastName,FirstName,Email) VALUES (44,'Corbet','Alexandrina','acorbet17@ask.com');
INSERT INTO Customers(CustomerID,LastName,FirstName,Email) VALUES (45,'Roughey','Molli','mroughey18@globo.com');

-- populate sales
INSERT INTO Sales(SaleID,Customer,Employee) VALUES (1,4,'00-3523643');
INSERT INTO Sales(SaleID,Customer,Employee) VALUES (2,25,'87-4548130');
INSERT INTO Sales(SaleID,Customer,Employee) VALUES (3,3,'27-8122552');
INSERT INTO Sales(SaleID,Customer,Employee) VALUES (4,2,'76-8609076');
INSERT INTO Sales(SaleID,Customer,Employee) VALUES (5,44,'64-9534832');
INSERT INTO Sales(SaleID,Customer,Employee) VALUES (6,7,'64-9534832');
INSERT INTO Sales(SaleID,Customer,Employee) VALUES (7,7,'22-7682290');
INSERT INTO Sales(SaleID,Customer,Employee) VALUES (8,8,'05-9281379');
INSERT INTO Sales(SaleID,Customer,Employee) VALUES (9,29,'69-9240147');
INSERT INTO Sales(SaleID,Customer,Employee) VALUES (10,23,'93-5220824');
INSERT INTO Sales(SaleID,Customer,Employee) VALUES (11,42,'27-8122552');
INSERT INTO Sales(SaleID,Customer,Employee) VALUES (12,2,'64-9534832');
INSERT INTO Sales(SaleID,Customer,Employee) VALUES (13,27,'76-8609076');
INSERT INTO Sales(SaleID,Customer,Employee) VALUES (14,17,'00-3523643');
INSERT INTO Sales(SaleID,Customer,Employee) VALUES (15,3,'45-2574246');
INSERT INTO Sales(SaleID,Customer,Employee) VALUES (16,12,'26-5952292');
INSERT INTO Sales(SaleID,Customer,Employee) VALUES (17,24,'31-7904652');
INSERT INTO Sales(SaleID,Customer,Employee) VALUES (18,8,'27-8122552');
INSERT INTO Sales(SaleID,Customer,Employee) VALUES (19,35,'00-3523643');
INSERT INTO Sales(SaleID,Customer,Employee) VALUES (20,8,'22-7682290');
INSERT INTO Sales(SaleID,Customer,Employee) VALUES (21,28,'05-9281379');
INSERT INTO Sales(SaleID,Customer,Employee) VALUES (22,19,'36-2145247');
INSERT INTO Sales(SaleID,Customer,Employee) VALUES (23,36,'64-9534832');
INSERT INTO Sales(SaleID,Customer,Employee) VALUES (24,37,'69-9240147');
INSERT INTO Sales(SaleID,Customer,Employee) VALUES (25,10,'69-9240147');
INSERT INTO Sales(SaleID,Customer,Employee) VALUES (26,5,'64-9534832');
INSERT INTO Sales(SaleID,Customer,Employee) VALUES (27,24,'27-8122552');
INSERT INTO Sales(SaleID,Customer,Employee) VALUES (28,42,'87-4548130');
INSERT INTO Sales(SaleID,Customer,Employee) VALUES (29,30,'27-8122552');
INSERT INTO Sales(SaleID,Customer,Employee) VALUES (30,17,'05-9281379');
INSERT INTO Sales(SaleID,Customer,Employee) VALUES (31,20,'22-7682290');
INSERT INTO Sales(SaleID,Customer,Employee) VALUES (32,26,'93-5220824');
INSERT INTO Sales(SaleID,Customer,Employee) VALUES (33,21,'64-9534832');
INSERT INTO Sales(SaleID,Customer,Employee) VALUES (34,5,'00-3523643');
INSERT INTO Sales(SaleID,Customer,Employee) VALUES (35,19,'69-9240147');
INSERT INTO Sales(SaleID,Customer,Employee) VALUES (36,1,'93-5220824');
INSERT INTO Sales(SaleID,Customer,Employee) VALUES (37,27,'69-9240147');
INSERT INTO Sales(SaleID,Customer,Employee) VALUES (38,34,'64-9534832');
INSERT INTO Sales(SaleID,Customer,Employee) VALUES (39,4,'69-9240147');
INSERT INTO Sales(SaleID,Customer,Employee) VALUES (40,39,'27-8122552');
INSERT INTO Sales(SaleID,Customer,Employee) VALUES (41,3,'87-4548130');
INSERT INTO Sales(SaleID,Customer,Employee) VALUES (42,23,'64-9534832');
INSERT INTO Sales(SaleID,Customer,Employee) VALUES (43,44,'31-7904652');
INSERT INTO Sales(SaleID,Customer,Employee) VALUES (44,43,'22-7682290');
INSERT INTO Sales(SaleID,Customer,Employee) VALUES (45,15,'26-5952292');
INSERT INTO Sales(SaleID,Customer,Employee) VALUES (46,2,'93-5220824');
INSERT INTO Sales(SaleID,Customer,Employee) VALUES (47,23,'64-9534832');
INSERT INTO Sales(SaleID,Customer,Employee) VALUES (48,22,'00-3523643');
INSERT INTO Sales(SaleID,Customer,Employee) VALUES (49,39,'36-2145247');
INSERT INTO Sales(SaleID,Customer,Employee) VALUES (50,16,'45-2574246');
INSERT INTO Sales(SaleID,Customer,Employee) VALUES (51,3,'76-8609076');
INSERT INTO Sales(SaleID,Customer,Employee) VALUES (52,4,'87-4548130');
INSERT INTO Sales(SaleID,Customer,Employee) VALUES (53,23,'93-5220824');
INSERT INTO Sales(SaleID,Customer,Employee) VALUES (54,9,'05-9281379');
INSERT INTO Sales(SaleID,Customer,Employee) VALUES (55,4,'26-5952292');
INSERT INTO Sales(SaleID,Customer,Employee) VALUES (56,25,'05-9281379');
INSERT INTO Sales(SaleID,Customer,Employee) VALUES (57,24,'00-3523643');
INSERT INTO Sales(SaleID,Customer,Employee) VALUES (58,37,'36-2145247');
INSERT INTO Sales(SaleID,Customer,Employee) VALUES (59,25,'36-2145247');
INSERT INTO Sales(SaleID,Customer,Employee) VALUES (60,21,'00-3523643');

-- populate inventory
INSERT INTO Inventory(CopyID,BookID,Sale) VALUES (1,'356425976-7',1);
INSERT INTO Inventory(CopyID,BookID,Sale) VALUES (2,'176580671-2',NULL);
INSERT INTO Inventory(CopyID,BookID,Sale) VALUES (3,'651547992-1',NULL);
INSERT INTO Inventory(CopyID,BookID,Sale) VALUES (4,'651547992-1',59);
INSERT INTO Inventory(CopyID,BookID,Sale) VALUES (5,'919104927-X',31);
INSERT INTO Inventory(CopyID,BookID,Sale) VALUES (6,'127102117-X',NULL);
INSERT INTO Inventory(CopyID,BookID,Sale) VALUES (7,'666665413-7',17);
INSERT INTO Inventory(CopyID,BookID,Sale) VALUES (8,'448336101-5',NULL);
INSERT INTO Inventory(CopyID,BookID,Sale) VALUES (9,'795731795-2',NULL);
INSERT INTO Inventory(CopyID,BookID,Sale) VALUES (10,'809930714-3',25);
INSERT INTO Inventory(CopyID,BookID,Sale) VALUES (11,'131715511-4',NULL);
INSERT INTO Inventory(CopyID,BookID,Sale) VALUES (12,'718569925-8',NULL);
INSERT INTO Inventory(CopyID,BookID,Sale) VALUES (13,'154724591-3',27);
INSERT INTO Inventory(CopyID,BookID,Sale) VALUES (14,'314639059-0',20);
INSERT INTO Inventory(CopyID,BookID,Sale) VALUES (15,'710065752-0',42);
INSERT INTO Inventory(CopyID,BookID,Sale) VALUES (16,'448336101-5',NULL);
INSERT INTO Inventory(CopyID,BookID,Sale) VALUES (17,'053553440-X',NULL);
INSERT INTO Inventory(CopyID,BookID,Sale) VALUES (18,'012649265-4',4);
INSERT INTO Inventory(CopyID,BookID,Sale) VALUES (19,'929033750-8',32);
INSERT INTO Inventory(CopyID,BookID,Sale) VALUES (20,'884010359-7',2);
INSERT INTO Inventory(CopyID,BookID,Sale) VALUES (21,'353829691-X',8);
INSERT INTO Inventory(CopyID,BookID,Sale) VALUES (22,'823924572-2',29);
INSERT INTO Inventory(CopyID,BookID,Sale) VALUES (23,'208149551-1',13);
INSERT INTO Inventory(CopyID,BookID,Sale) VALUES (24,'356425976-7',17);
INSERT INTO Inventory(CopyID,BookID,Sale) VALUES (25,'823924572-2',NULL);
INSERT INTO Inventory(CopyID,BookID,Sale) VALUES (26,'591267084-8',NULL);
INSERT INTO Inventory(CopyID,BookID,Sale) VALUES (27,'884010359-7',NULL);
INSERT INTO Inventory(CopyID,BookID,Sale) VALUES (28,'795731795-2',NULL);
INSERT INTO Inventory(CopyID,BookID,Sale) VALUES (29,'176580671-2',29);
INSERT INTO Inventory(CopyID,BookID,Sale) VALUES (30,'596965374-8',8);
INSERT INTO Inventory(CopyID,BookID,Sale) VALUES (31,'718569925-8',27);
INSERT INTO Inventory(CopyID,BookID,Sale) VALUES (32,'398560668-4',NULL);
INSERT INTO Inventory(CopyID,BookID,Sale) VALUES (33,'450960584-6',26);
INSERT INTO Inventory(CopyID,BookID,Sale) VALUES (34,'795731795-2',57);
INSERT INTO Inventory(CopyID,BookID,Sale) VALUES (35,'450960584-6',22);
INSERT INTO Inventory(CopyID,BookID,Sale) VALUES (36,'410340975-4',15);
INSERT INTO Inventory(CopyID,BookID,Sale) VALUES (37,'448336101-5',NULL);
INSERT INTO Inventory(CopyID,BookID,Sale) VALUES (38,'053553440-X',21);
INSERT INTO Inventory(CopyID,BookID,Sale) VALUES (39,'710065752-0',NULL);
INSERT INTO Inventory(CopyID,BookID,Sale) VALUES (40,'795731795-2',NULL);
INSERT INTO Inventory(CopyID,BookID,Sale) VALUES (41,'796611313-2',3);
INSERT INTO Inventory(CopyID,BookID,Sale) VALUES (42,'789590522-8',NULL);
INSERT INTO Inventory(CopyID,BookID,Sale) VALUES (43,'176580671-2',NULL);
INSERT INTO Inventory(CopyID,BookID,Sale) VALUES (44,'710065752-0',27);
INSERT INTO Inventory(CopyID,BookID,Sale) VALUES (45,'450960584-6',NULL);
INSERT INTO Inventory(CopyID,BookID,Sale) VALUES (46,'450960584-6',13);
INSERT INTO Inventory(CopyID,BookID,Sale) VALUES (47,'208149551-1',NULL);
INSERT INTO Inventory(CopyID,BookID,Sale) VALUES (48,'918807657-1',NULL);
INSERT INTO Inventory(CopyID,BookID,Sale) VALUES (49,'619110278-X',NULL);
INSERT INTO Inventory(CopyID,BookID,Sale) VALUES (50,'353829691-X',16);
INSERT INTO Inventory(CopyID,BookID,Sale) VALUES (51,'593468496-5',NULL);
INSERT INTO Inventory(CopyID,BookID,Sale) VALUES (52,'718569925-8',NULL);
INSERT INTO Inventory(CopyID,BookID,Sale) VALUES (53,'651547992-1',16);
INSERT INTO Inventory(CopyID,BookID,Sale) VALUES (54,'795731795-2',NULL);
INSERT INTO Inventory(CopyID,BookID,Sale) VALUES (55,'666665413-7',40);
INSERT INTO Inventory(CopyID,BookID,Sale) VALUES (56,'314639059-0',NULL);
INSERT INTO Inventory(CopyID,BookID,Sale) VALUES (57,'260894016-1',57);
INSERT INTO Inventory(CopyID,BookID,Sale) VALUES (58,'411884381-1',51);
INSERT INTO Inventory(CopyID,BookID,Sale) VALUES (59,'591267084-8',NULL);
INSERT INTO Inventory(CopyID,BookID,Sale) VALUES (60,'260894016-1',NULL);
INSERT INTO Inventory(CopyID,BookID,Sale) VALUES (61,'176580671-2',NULL);
INSERT INTO Inventory(CopyID,BookID,Sale) VALUES (62,'012649265-4',NULL);
INSERT INTO Inventory(CopyID,BookID,Sale) VALUES (63,'651547992-1',9);
INSERT INTO Inventory(CopyID,BookID,Sale) VALUES (64,'982569247-2',1);
INSERT INTO Inventory(CopyID,BookID,Sale) VALUES (65,'179377259-2',NULL);
INSERT INTO Inventory(CopyID,BookID,Sale) VALUES (66,'314639059-0',NULL);
INSERT INTO Inventory(CopyID,BookID,Sale) VALUES (67,'502853149-8',NULL);
INSERT INTO Inventory(CopyID,BookID,Sale) VALUES (68,'823924572-2',NULL);
INSERT INTO Inventory(CopyID,BookID,Sale) VALUES (69,'884010359-7',18);
INSERT INTO Inventory(CopyID,BookID,Sale) VALUES (70,'123112519-5',NULL);
INSERT INTO Inventory(CopyID,BookID,Sale) VALUES (71,'046466848-4',NULL);
INSERT INTO Inventory(CopyID,BookID,Sale) VALUES (72,'123112519-5',30);
INSERT INTO Inventory(CopyID,BookID,Sale) VALUES (73,'619110278-X',NULL);
INSERT INTO Inventory(CopyID,BookID,Sale) VALUES (74,'761335174-2',37);
INSERT INTO Inventory(CopyID,BookID,Sale) VALUES (75,'131715511-4',NULL);
INSERT INTO Inventory(CopyID,BookID,Sale) VALUES (76,'596965374-8',51);
INSERT INTO Inventory(CopyID,BookID,Sale) VALUES (77,'648248417-4',NULL);
INSERT INTO Inventory(CopyID,BookID,Sale) VALUES (78,'053553440-X',NULL);
INSERT INTO Inventory(CopyID,BookID,Sale) VALUES (79,'353829691-X',NULL);
INSERT INTO Inventory(CopyID,BookID,Sale) VALUES (80,'053553440-X',5);
INSERT INTO Inventory(CopyID,BookID,Sale) VALUES (81,'867190362-1',NULL);
INSERT INTO Inventory(CopyID,BookID,Sale) VALUES (82,'131715511-4',NULL);
INSERT INTO Inventory(CopyID,BookID,Sale) VALUES (83,'708155215-3',NULL);
INSERT INTO Inventory(CopyID,BookID,Sale) VALUES (84,'596965374-8',52);
INSERT INTO Inventory(CopyID,BookID,Sale) VALUES (85,'450960584-6',44);
INSERT INTO Inventory(CopyID,BookID,Sale) VALUES (86,'982569247-2',NULL);
INSERT INTO Inventory(CopyID,BookID,Sale) VALUES (87,'448336101-5',56);
INSERT INTO Inventory(CopyID,BookID,Sale) VALUES (88,'884010359-7',33);
INSERT INTO Inventory(CopyID,BookID,Sale) VALUES (89,'260894016-1',57);
INSERT INTO Inventory(CopyID,BookID,Sale) VALUES (90,'012649265-4',NULL);
INSERT INTO Inventory(CopyID,BookID,Sale) VALUES (91,'053553440-X',9);
INSERT INTO Inventory(CopyID,BookID,Sale) VALUES (92,'622809793-8',NULL);
INSERT INTO Inventory(CopyID,BookID,Sale) VALUES (93,'789590522-8',NULL);
INSERT INTO Inventory(CopyID,BookID,Sale) VALUES (94,'448336101-5',44);
INSERT INTO Inventory(CopyID,BookID,Sale) VALUES (95,'982569247-2',NULL);
INSERT INTO Inventory(CopyID,BookID,Sale) VALUES (96,'154724591-3',24);
INSERT INTO Inventory(CopyID,BookID,Sale) VALUES (97,'154724591-3',NULL);
INSERT INTO Inventory(CopyID,BookID,Sale) VALUES (98,'796611313-2',37);
INSERT INTO Inventory(CopyID,BookID,Sale) VALUES (99,'398560668-4',NULL);
INSERT INTO Inventory(CopyID,BookID,Sale) VALUES (100,'208149551-1',NULL);
INSERT INTO Inventory(CopyID,BookID,Sale) VALUES (101,'448336101-5',47);
INSERT INTO Inventory(CopyID,BookID,Sale) VALUES (102,'884010359-7',29);
INSERT INTO Inventory(CopyID,BookID,Sale) VALUES (103,'761335174-2',NULL);
INSERT INTO Inventory(CopyID,BookID,Sale) VALUES (104,'919104927-X',NULL);
INSERT INTO Inventory(CopyID,BookID,Sale) VALUES (105,'502853149-8',NULL);
INSERT INTO Inventory(CopyID,BookID,Sale) VALUES (106,'823924572-2',NULL);
INSERT INTO Inventory(CopyID,BookID,Sale) VALUES (107,'884010359-7',40);
INSERT INTO Inventory(CopyID,BookID,Sale) VALUES (108,'596965374-8',NULL);
INSERT INTO Inventory(CopyID,BookID,Sale) VALUES (109,'012649265-4',NULL);
INSERT INTO Inventory(CopyID,BookID,Sale) VALUES (110,'867190362-1',NULL);
INSERT INTO Inventory(CopyID,BookID,Sale) VALUES (111,'593468496-5',8);
INSERT INTO Inventory(CopyID,BookID,Sale) VALUES (112,'462243364-8',NULL);
INSERT INTO Inventory(CopyID,BookID,Sale) VALUES (113,'809930714-3',1);
INSERT INTO Inventory(CopyID,BookID,Sale) VALUES (114,'046466848-4',NULL);
INSERT INTO Inventory(CopyID,BookID,Sale) VALUES (115,'648248417-4',NULL);
INSERT INTO Inventory(CopyID,BookID,Sale) VALUES (116,'619110278-X',49);
INSERT INTO Inventory(CopyID,BookID,Sale) VALUES (117,'582851682-5',52);
INSERT INTO Inventory(CopyID,BookID,Sale) VALUES (118,'373413796-9',NULL);
INSERT INTO Inventory(CopyID,BookID,Sale) VALUES (119,'867190362-1',2);
INSERT INTO Inventory(CopyID,BookID,Sale) VALUES (120,'884010359-7',2);
INSERT INTO Inventory(CopyID,BookID,Sale) VALUES (121,'131715511-4',37);
INSERT INTO Inventory(CopyID,BookID,Sale) VALUES (122,'651547992-1',NULL);
INSERT INTO Inventory(CopyID,BookID,Sale) VALUES (123,'717512420-1',NULL);
INSERT INTO Inventory(CopyID,BookID,Sale) VALUES (124,'502853149-8',55);
INSERT INTO Inventory(CopyID,BookID,Sale) VALUES (125,'795731795-2',NULL);
INSERT INTO Inventory(CopyID,BookID,Sale) VALUES (126,'365756327-X',48);
INSERT INTO Inventory(CopyID,BookID,Sale) VALUES (127,'572781692-0',25);
INSERT INTO Inventory(CopyID,BookID,Sale) VALUES (128,'867190362-1',54);
INSERT INTO Inventory(CopyID,BookID,Sale) VALUES (129,'918807657-1',28);
INSERT INTO Inventory(CopyID,BookID,Sale) VALUES (130,'373413796-9',NULL);
INSERT INTO Inventory(CopyID,BookID,Sale) VALUES (131,'448336101-5',NULL);
INSERT INTO Inventory(CopyID,BookID,Sale) VALUES (132,'651547992-1',26);
INSERT INTO Inventory(CopyID,BookID,Sale) VALUES (133,'789590522-8',NULL);
INSERT INTO Inventory(CopyID,BookID,Sale) VALUES (134,'373413796-9',NULL);
INSERT INTO Inventory(CopyID,BookID,Sale) VALUES (135,'127102117-X',45);
INSERT INTO Inventory(CopyID,BookID,Sale) VALUES (136,'131715511-4',NULL);
INSERT INTO Inventory(CopyID,BookID,Sale) VALUES (137,'593468496-5',NULL);
INSERT INTO Inventory(CopyID,BookID,Sale) VALUES (138,'648248417-4',NULL);
INSERT INTO Inventory(CopyID,BookID,Sale) VALUES (139,'572781692-0',54);
INSERT INTO Inventory(CopyID,BookID,Sale) VALUES (140,'884010359-7',NULL);
INSERT INTO Inventory(CopyID,BookID,Sale) VALUES (141,'127102117-X',37);
INSERT INTO Inventory(CopyID,BookID,Sale) VALUES (142,'176580671-2',39);
INSERT INTO Inventory(CopyID,BookID,Sale) VALUES (143,'053553440-X',30);
INSERT INTO Inventory(CopyID,BookID,Sale) VALUES (144,'809930714-3',NULL);
INSERT INTO Inventory(CopyID,BookID,Sale) VALUES (145,'353829691-X',NULL);
INSERT INTO Inventory(CopyID,BookID,Sale) VALUES (146,'809930714-3',13);
INSERT INTO Inventory(CopyID,BookID,Sale) VALUES (147,'648248417-4',50);
INSERT INTO Inventory(CopyID,BookID,Sale) VALUES (148,'591267084-8',NULL);
INSERT INTO Inventory(CopyID,BookID,Sale) VALUES (149,'154724591-3',NULL);
INSERT INTO Inventory(CopyID,BookID,Sale) VALUES (150,'502853149-8',NULL);
INSERT INTO Inventory(CopyID,BookID,Sale) VALUES (151,'572781692-0',NULL);
INSERT INTO Inventory(CopyID,BookID,Sale) VALUES (152,'918807657-1',NULL);
INSERT INTO Inventory(CopyID,BookID,Sale) VALUES (153,'208149551-1',NULL);
INSERT INTO Inventory(CopyID,BookID,Sale) VALUES (154,'718569925-8',26);
INSERT INTO Inventory(CopyID,BookID,Sale) VALUES (155,'596965374-8',NULL);
INSERT INTO Inventory(CopyID,BookID,Sale) VALUES (156,'929033750-8',33);
INSERT INTO Inventory(CopyID,BookID,Sale) VALUES (157,'462243364-8',NULL);
INSERT INTO Inventory(CopyID,BookID,Sale) VALUES (158,'572781692-0',30);
INSERT INTO Inventory(CopyID,BookID,Sale) VALUES (159,'796611313-2',NULL);
INSERT INTO Inventory(CopyID,BookID,Sale) VALUES (160,'718569925-8',41);
INSERT INTO Inventory(CopyID,BookID,Sale) VALUES (161,'919104927-X',10);
INSERT INTO Inventory(CopyID,BookID,Sale) VALUES (162,'635154504-8',8);
INSERT INTO Inventory(CopyID,BookID,Sale) VALUES (163,'591267084-8',NULL);
INSERT INTO Inventory(CopyID,BookID,Sale) VALUES (164,'260894016-1',14);
INSERT INTO Inventory(CopyID,BookID,Sale) VALUES (165,'929033750-8',NULL);
INSERT INTO Inventory(CopyID,BookID,Sale) VALUES (166,'462243364-8',NULL);
INSERT INTO Inventory(CopyID,BookID,Sale) VALUES (167,'373413796-9',27);
INSERT INTO Inventory(CopyID,BookID,Sale) VALUES (168,'582851682-5',5);
INSERT INTO Inventory(CopyID,BookID,Sale) VALUES (169,'373413796-9',44);
INSERT INTO Inventory(CopyID,BookID,Sale) VALUES (170,'131715511-4',NULL);
INSERT INTO Inventory(CopyID,BookID,Sale) VALUES (171,'127102117-X',52);
INSERT INTO Inventory(CopyID,BookID,Sale) VALUES (172,'718569925-8',NULL);
INSERT INTO Inventory(CopyID,BookID,Sale) VALUES (173,'717512420-1',12);
INSERT INTO Inventory(CopyID,BookID,Sale) VALUES (174,'314639059-0',30);
INSERT INTO Inventory(CopyID,BookID,Sale) VALUES (175,'582851682-5',NULL);
INSERT INTO Inventory(CopyID,BookID,Sale) VALUES (176,'648248417-4',48);
INSERT INTO Inventory(CopyID,BookID,Sale) VALUES (177,'398560668-4',NULL);
INSERT INTO Inventory(CopyID,BookID,Sale) VALUES (178,'884010359-7',56);
INSERT INTO Inventory(CopyID,BookID,Sale) VALUES (179,'823924572-2',NULL);
INSERT INTO Inventory(CopyID,BookID,Sale) VALUES (180,'648248417-4',NULL);
INSERT INTO Inventory(CopyID,BookID,Sale) VALUES (181,'179377259-2',NULL);
INSERT INTO Inventory(CopyID,BookID,Sale) VALUES (182,'591267084-8',NULL);
INSERT INTO Inventory(CopyID,BookID,Sale) VALUES (183,'710065752-0',NULL);
INSERT INTO Inventory(CopyID,BookID,Sale) VALUES (184,'365756327-X',43);
INSERT INTO Inventory(CopyID,BookID,Sale) VALUES (185,'596965374-8',NULL);
INSERT INTO Inventory(CopyID,BookID,Sale) VALUES (186,'823924572-2',NULL);
INSERT INTO Inventory(CopyID,BookID,Sale) VALUES (187,'593468496-5',NULL);
INSERT INTO Inventory(CopyID,BookID,Sale) VALUES (188,'666665413-7',NULL);
INSERT INTO Inventory(CopyID,BookID,Sale) VALUES (189,'353829691-X',NULL);
INSERT INTO Inventory(CopyID,BookID,Sale) VALUES (190,'591267084-8',NULL);
INSERT INTO Inventory(CopyID,BookID,Sale) VALUES (191,'919104927-X',NULL);
INSERT INTO Inventory(CopyID,BookID,Sale) VALUES (192,'823924572-2',27);
INSERT INTO Inventory(CopyID,BookID,Sale) VALUES (193,'591267084-8',NULL);
INSERT INTO Inventory(CopyID,BookID,Sale) VALUES (194,'795731795-2',NULL);
INSERT INTO Inventory(CopyID,BookID,Sale) VALUES (195,'710065752-0',NULL);
INSERT INTO Inventory(CopyID,BookID,Sale) VALUES (196,'867190362-1',NULL);
INSERT INTO Inventory(CopyID,BookID,Sale) VALUES (197,'314639059-0',NULL);
INSERT INTO Inventory(CopyID,BookID,Sale) VALUES (198,'448336101-5',NULL);
INSERT INTO Inventory(CopyID,BookID,Sale) VALUES (199,'572781692-0',NULL);
INSERT INTO Inventory(CopyID,BookID,Sale) VALUES (200,'718569925-8',NULL);
INSERT INTO Inventory(CopyID,BookID,Sale) VALUES (201,'867190362-1',NULL);
INSERT INTO Inventory(CopyID,BookID,Sale) VALUES (202,'176580671-2',NULL);
INSERT INTO Inventory(CopyID,BookID,Sale) VALUES (203,'154724591-3',NULL);
INSERT INTO Inventory(CopyID,BookID,Sale) VALUES (204,'502853149-8',51);
INSERT INTO Inventory(CopyID,BookID,Sale) VALUES (205,'582851682-5',14);
INSERT INTO Inventory(CopyID,BookID,Sale) VALUES (206,'717512420-1',NULL);
INSERT INTO Inventory(CopyID,BookID,Sale) VALUES (207,'131715511-4',27);
INSERT INTO Inventory(CopyID,BookID,Sale) VALUES (208,'450960584-6',NULL);
INSERT INTO Inventory(CopyID,BookID,Sale) VALUES (209,'462243364-8',59);
INSERT INTO Inventory(CopyID,BookID,Sale) VALUES (210,'356425976-7',12);
INSERT INTO Inventory(CopyID,BookID,Sale) VALUES (211,'450960584-6',33);
INSERT INTO Inventory(CopyID,BookID,Sale) VALUES (212,'314639059-0',NULL);
INSERT INTO Inventory(CopyID,BookID,Sale) VALUES (213,'373413796-9',NULL);
INSERT INTO Inventory(CopyID,BookID,Sale) VALUES (214,'123112519-5',NULL);
INSERT INTO Inventory(CopyID,BookID,Sale) VALUES (215,'867190362-1',51);
INSERT INTO Inventory(CopyID,BookID,Sale) VALUES (216,'651547992-1',NULL);
INSERT INTO Inventory(CopyID,BookID,Sale) VALUES (217,'635154504-8',NULL);
INSERT INTO Inventory(CopyID,BookID,Sale) VALUES (218,'012649265-4',NULL);
INSERT INTO Inventory(CopyID,BookID,Sale) VALUES (219,'717512420-1',NULL);
INSERT INTO Inventory(CopyID,BookID,Sale) VALUES (220,'717512420-1',NULL);
INSERT INTO Inventory(CopyID,BookID,Sale) VALUES (221,'867190362-1',NULL);
INSERT INTO Inventory(CopyID,BookID,Sale) VALUES (222,'314639059-0',23);
INSERT INTO Inventory(CopyID,BookID,Sale) VALUES (223,'356425976-7',23);
INSERT INTO Inventory(CopyID,BookID,Sale) VALUES (224,'651547992-1',NULL);
INSERT INTO Inventory(CopyID,BookID,Sale) VALUES (225,'666665413-7',NULL);
INSERT INTO Inventory(CopyID,BookID,Sale) VALUES (226,'398560668-4',NULL);
INSERT INTO Inventory(CopyID,BookID,Sale) VALUES (227,'795731795-2',NULL);
INSERT INTO Inventory(CopyID,BookID,Sale) VALUES (228,'708155215-3',NULL);
INSERT INTO Inventory(CopyID,BookID,Sale) VALUES (229,'410340975-4',17);
INSERT INTO Inventory(CopyID,BookID,Sale) VALUES (230,'365756327-X',NULL);
INSERT INTO Inventory(CopyID,BookID,Sale) VALUES (231,'823924572-2',51);
INSERT INTO Inventory(CopyID,BookID,Sale) VALUES (232,'356425976-7',NULL);
INSERT INTO Inventory(CopyID,BookID,Sale) VALUES (233,'154724591-3',NULL);
INSERT INTO Inventory(CopyID,BookID,Sale) VALUES (234,'761335174-2',16);
INSERT INTO Inventory(CopyID,BookID,Sale) VALUES (235,'572781692-0',42);
INSERT INTO Inventory(CopyID,BookID,Sale) VALUES (236,'717512420-1',NULL);
INSERT INTO Inventory(CopyID,BookID,Sale) VALUES (237,'789590522-8',NULL);
INSERT INTO Inventory(CopyID,BookID,Sale) VALUES (238,'619110278-X',NULL);
INSERT INTO Inventory(CopyID,BookID,Sale) VALUES (239,'398560668-4',NULL);
INSERT INTO Inventory(CopyID,BookID,Sale) VALUES (240,'448336101-5',30);
INSERT INTO Inventory(CopyID,BookID,Sale) VALUES (241,'809930714-3',NULL);
INSERT INTO Inventory(CopyID,BookID,Sale) VALUES (242,'708155215-3',3);
INSERT INTO Inventory(CopyID,BookID,Sale) VALUES (243,'918807657-1',32);
INSERT INTO Inventory(CopyID,BookID,Sale) VALUES (244,'761335174-2',NULL);
INSERT INTO Inventory(CopyID,BookID,Sale) VALUES (245,'208149551-1',NULL);
INSERT INTO Inventory(CopyID,BookID,Sale) VALUES (246,'448336101-5',25);
INSERT INTO Inventory(CopyID,BookID,Sale) VALUES (247,'918807657-1',30);
INSERT INTO Inventory(CopyID,BookID,Sale) VALUES (248,'502853149-8',NULL);
INSERT INTO Inventory(CopyID,BookID,Sale) VALUES (249,'619110278-X',3);
INSERT INTO Inventory(CopyID,BookID,Sale) VALUES (250,'789590522-8',NULL);
INSERT INTO Inventory(CopyID,BookID,Sale) VALUES (251,'648248417-4',NULL);
INSERT INTO Inventory(CopyID,BookID,Sale) VALUES (252,'622809793-8',NULL);
INSERT INTO Inventory(CopyID,BookID,Sale) VALUES (253,'448336101-5',20);
INSERT INTO Inventory(CopyID,BookID,Sale) VALUES (254,'012649265-4',12);
INSERT INTO Inventory(CopyID,BookID,Sale) VALUES (255,'884010359-7',NULL);
INSERT INTO Inventory(CopyID,BookID,Sale) VALUES (256,'582851682-5',NULL);
INSERT INTO Inventory(CopyID,BookID,Sale) VALUES (257,'717512420-1',NULL);
INSERT INTO Inventory(CopyID,BookID,Sale) VALUES (258,'260894016-1',NULL);
INSERT INTO Inventory(CopyID,BookID,Sale) VALUES (259,'448336101-5',38);
INSERT INTO Inventory(CopyID,BookID,Sale) VALUES (260,'373413796-9',31);
INSERT INTO Inventory(CopyID,BookID,Sale) VALUES (261,'635154504-8',NULL);
INSERT INTO Inventory(CopyID,BookID,Sale) VALUES (262,'411884381-1',7);
INSERT INTO Inventory(CopyID,BookID,Sale) VALUES (263,'918807657-1',NULL);
INSERT INTO Inventory(CopyID,BookID,Sale) VALUES (264,'919104927-X',26);
INSERT INTO Inventory(CopyID,BookID,Sale) VALUES (265,'502853149-8',NULL);
INSERT INTO Inventory(CopyID,BookID,Sale) VALUES (266,'462243364-8',NULL);
INSERT INTO Inventory(CopyID,BookID,Sale) VALUES (267,'131715511-4',NULL);
INSERT INTO Inventory(CopyID,BookID,Sale) VALUES (268,'651547992-1',40);
INSERT INTO Inventory(CopyID,BookID,Sale) VALUES (269,'012649265-4',NULL);
INSERT INTO Inventory(CopyID,BookID,Sale) VALUES (270,'761335174-2',NULL);
INSERT INTO Inventory(CopyID,BookID,Sale) VALUES (271,'314639059-0',38);
INSERT INTO Inventory(CopyID,BookID,Sale) VALUES (272,'982569247-2',19);
INSERT INTO Inventory(CopyID,BookID,Sale) VALUES (273,'596965374-8',NULL);
INSERT INTO Inventory(CopyID,BookID,Sale) VALUES (274,'123112519-5',1);
INSERT INTO Inventory(CopyID,BookID,Sale) VALUES (275,'619110278-X',NULL);
INSERT INTO Inventory(CopyID,BookID,Sale) VALUES (276,'582851682-5',59);
INSERT INTO Inventory(CopyID,BookID,Sale) VALUES (277,'462243364-8',NULL);
INSERT INTO Inventory(CopyID,BookID,Sale) VALUES (278,'448336101-5',13);
INSERT INTO Inventory(CopyID,BookID,Sale) VALUES (279,'593468496-5',NULL);
INSERT INTO Inventory(CopyID,BookID,Sale) VALUES (280,'884010359-7',NULL);
INSERT INTO Inventory(CopyID,BookID,Sale) VALUES (281,'411884381-1',NULL);
INSERT INTO Inventory(CopyID,BookID,Sale) VALUES (282,'012649265-4',NULL);
INSERT INTO Inventory(CopyID,BookID,Sale) VALUES (283,'176580671-2',NULL);
INSERT INTO Inventory(CopyID,BookID,Sale) VALUES (284,'591267084-8',NULL);
INSERT INTO Inventory(CopyID,BookID,Sale) VALUES (285,'450960584-6',NULL);
INSERT INTO Inventory(CopyID,BookID,Sale) VALUES (286,'619110278-X',4);
INSERT INTO Inventory(CopyID,BookID,Sale) VALUES (287,'648248417-4',8);
INSERT INTO Inventory(CopyID,BookID,Sale) VALUES (288,'012649265-4',NULL);
INSERT INTO Inventory(CopyID,BookID,Sale) VALUES (289,'411884381-1',NULL);
INSERT INTO Inventory(CopyID,BookID,Sale) VALUES (290,'411884381-1',21);
INSERT INTO Inventory(CopyID,BookID,Sale) VALUES (291,'710065752-0',8);
INSERT INTO Inventory(CopyID,BookID,Sale) VALUES (292,'596965374-8',37);
INSERT INTO Inventory(CopyID,BookID,Sale) VALUES (293,'179377259-2',22);
INSERT INTO Inventory(CopyID,BookID,Sale) VALUES (294,'795731795-2',40);
INSERT INTO Inventory(CopyID,BookID,Sale) VALUES (295,'582851682-5',NULL);
INSERT INTO Inventory(CopyID,BookID,Sale) VALUES (296,'666665413-7',NULL);
INSERT INTO Inventory(CopyID,BookID,Sale) VALUES (297,'796611313-2',NULL);
INSERT INTO Inventory(CopyID,BookID,Sale) VALUES (298,'718569925-8',NULL);
INSERT INTO Inventory(CopyID,BookID,Sale) VALUES (299,'572781692-0',NULL);
INSERT INTO Inventory(CopyID,BookID,Sale) VALUES (300,'127102117-X',52);
INSERT INTO Inventory(CopyID,BookID,Sale) VALUES (301,'593468496-5',NULL);
INSERT INTO Inventory(CopyID,BookID,Sale) VALUES (302,'918807657-1',NULL);
INSERT INTO Inventory(CopyID,BookID,Sale) VALUES (303,'593468496-5',NULL);
INSERT INTO Inventory(CopyID,BookID,Sale) VALUES (304,'622809793-8',NULL);
INSERT INTO Inventory(CopyID,BookID,Sale) VALUES (305,'648248417-4',54);
INSERT INTO Inventory(CopyID,BookID,Sale) VALUES (306,'410340975-4',12);
INSERT INTO Inventory(CopyID,BookID,Sale) VALUES (307,'718569925-8',58);
INSERT INTO Inventory(CopyID,BookID,Sale) VALUES (308,'596965374-8',25);
INSERT INTO Inventory(CopyID,BookID,Sale) VALUES (309,'929033750-8',NULL);
INSERT INTO Inventory(CopyID,BookID,Sale) VALUES (310,'666665413-7',NULL);
INSERT INTO Inventory(CopyID,BookID,Sale) VALUES (311,'918807657-1',NULL);
INSERT INTO Inventory(CopyID,BookID,Sale) VALUES (312,'717512420-1',58);
INSERT INTO Inventory(CopyID,BookID,Sale) VALUES (313,'582851682-5',1);
INSERT INTO Inventory(CopyID,BookID,Sale) VALUES (314,'582851682-5',2);
INSERT INTO Inventory(CopyID,BookID,Sale) VALUES (315,'823924572-2',NULL);
INSERT INTO Inventory(CopyID,BookID,Sale) VALUES (316,'131715511-4',NULL);
INSERT INTO Inventory(CopyID,BookID,Sale) VALUES (317,'582851682-5',NULL);
INSERT INTO Inventory(CopyID,BookID,Sale) VALUES (318,'823924572-2',NULL);
INSERT INTO Inventory(CopyID,BookID,Sale) VALUES (319,'761335174-2',NULL);
INSERT INTO Inventory(CopyID,BookID,Sale) VALUES (320,'619110278-X',NULL);
INSERT INTO Inventory(CopyID,BookID,Sale) VALUES (321,'919104927-X',NULL);
INSERT INTO Inventory(CopyID,BookID,Sale) VALUES (322,'373413796-9',NULL);
INSERT INTO Inventory(CopyID,BookID,Sale) VALUES (323,'884010359-7',NULL);
INSERT INTO Inventory(CopyID,BookID,Sale) VALUES (324,'314639059-0',NULL);
INSERT INTO Inventory(CopyID,BookID,Sale) VALUES (325,'648248417-4',NULL);
INSERT INTO Inventory(CopyID,BookID,Sale) VALUES (326,'448336101-5',NULL);
INSERT INTO Inventory(CopyID,BookID,Sale) VALUES (327,'717512420-1',10);
INSERT INTO Inventory(CopyID,BookID,Sale) VALUES (328,'622809793-8',25);
INSERT INTO Inventory(CopyID,BookID,Sale) VALUES (329,'179377259-2',54);
INSERT INTO Inventory(CopyID,BookID,Sale) VALUES (330,'450960584-6',NULL);
INSERT INTO Inventory(CopyID,BookID,Sale) VALUES (331,'208149551-1',41);
INSERT INTO Inventory(CopyID,BookID,Sale) VALUES (332,'809930714-3',NULL);
INSERT INTO Inventory(CopyID,BookID,Sale) VALUES (333,'123112519-5',NULL);
INSERT INTO Inventory(CopyID,BookID,Sale) VALUES (334,'502853149-8',NULL);
INSERT INTO Inventory(CopyID,BookID,Sale) VALUES (335,'448336101-5',NULL);
INSERT INTO Inventory(CopyID,BookID,Sale) VALUES (336,'648248417-4',NULL);
INSERT INTO Inventory(CopyID,BookID,Sale) VALUES (337,'717512420-1',NULL);
INSERT INTO Inventory(CopyID,BookID,Sale) VALUES (338,'796611313-2',NULL);
INSERT INTO Inventory(CopyID,BookID,Sale) VALUES (339,'929033750-8',45);
INSERT INTO Inventory(CopyID,BookID,Sale) VALUES (340,'918807657-1',NULL);
INSERT INTO Inventory(CopyID,BookID,Sale) VALUES (341,'918807657-1',46);
INSERT INTO Inventory(CopyID,BookID,Sale) VALUES (342,'823924572-2',NULL);
INSERT INTO Inventory(CopyID,BookID,Sale) VALUES (343,'761335174-2',NULL);
INSERT INTO Inventory(CopyID,BookID,Sale) VALUES (344,'208149551-1',18);
INSERT INTO Inventory(CopyID,BookID,Sale) VALUES (345,'127102117-X',NULL);
INSERT INTO Inventory(CopyID,BookID,Sale) VALUES (346,'123112519-5',NULL);
INSERT INTO Inventory(CopyID,BookID,Sale) VALUES (347,'596965374-8',13);
INSERT INTO Inventory(CopyID,BookID,Sale) VALUES (348,'717512420-1',10);
INSERT INTO Inventory(CopyID,BookID,Sale) VALUES (349,'314639059-0',NULL);
INSERT INTO Inventory(CopyID,BookID,Sale) VALUES (350,'398560668-4',31);
INSERT INTO Inventory(CopyID,BookID,Sale) VALUES (351,'127102117-X',NULL);
INSERT INTO Inventory(CopyID,BookID,Sale) VALUES (352,'919104927-X',NULL);
INSERT INTO Inventory(CopyID,BookID,Sale) VALUES (353,'411884381-1',NULL);
INSERT INTO Inventory(CopyID,BookID,Sale) VALUES (354,'046466848-4',NULL);
INSERT INTO Inventory(CopyID,BookID,Sale) VALUES (355,'572781692-0',54);
INSERT INTO Inventory(CopyID,BookID,Sale) VALUES (356,'398560668-4',NULL);
INSERT INTO Inventory(CopyID,BookID,Sale) VALUES (357,'365756327-X',14);
INSERT INTO Inventory(CopyID,BookID,Sale) VALUES (358,'314639059-0',NULL);
INSERT INTO Inventory(CopyID,BookID,Sale) VALUES (359,'179377259-2',NULL);
INSERT INTO Inventory(CopyID,BookID,Sale) VALUES (360,'591267084-8',26);
INSERT INTO Inventory(CopyID,BookID,Sale) VALUES (361,'208149551-1',26);
INSERT INTO Inventory(CopyID,BookID,Sale) VALUES (362,'929033750-8',NULL);
INSERT INTO Inventory(CopyID,BookID,Sale) VALUES (363,'982569247-2',18);
INSERT INTO Inventory(CopyID,BookID,Sale) VALUES (364,'867190362-1',NULL);
INSERT INTO Inventory(CopyID,BookID,Sale) VALUES (365,'823924572-2',NULL);
INSERT INTO Inventory(CopyID,BookID,Sale) VALUES (366,'651547992-1',55);
INSERT INTO Inventory(CopyID,BookID,Sale) VALUES (367,'582851682-5',NULL);
INSERT INTO Inventory(CopyID,BookID,Sale) VALUES (368,'809930714-3',25);
INSERT INTO Inventory(CopyID,BookID,Sale) VALUES (369,'260894016-1',NULL);
INSERT INTO Inventory(CopyID,BookID,Sale) VALUES (370,'666665413-7',NULL);
INSERT INTO Inventory(CopyID,BookID,Sale) VALUES (371,'410340975-4',NULL);
INSERT INTO Inventory(CopyID,BookID,Sale) VALUES (372,'179377259-2',NULL);
INSERT INTO Inventory(CopyID,BookID,Sale) VALUES (373,'789590522-8',NULL);
INSERT INTO Inventory(CopyID,BookID,Sale) VALUES (374,'789590522-8',NULL);
INSERT INTO Inventory(CopyID,BookID,Sale) VALUES (375,'410340975-4',NULL);
INSERT INTO Inventory(CopyID,BookID,Sale) VALUES (376,'131715511-4',NULL);
INSERT INTO Inventory(CopyID,BookID,Sale) VALUES (377,'154724591-3',NULL);
INSERT INTO Inventory(CopyID,BookID,Sale) VALUES (378,'260894016-1',35);
INSERT INTO Inventory(CopyID,BookID,Sale) VALUES (379,'123112519-5',NULL);
INSERT INTO Inventory(CopyID,BookID,Sale) VALUES (380,'622809793-8',NULL);
INSERT INTO Inventory(CopyID,BookID,Sale) VALUES (381,'373413796-9',34);
INSERT INTO Inventory(CopyID,BookID,Sale) VALUES (382,'356425976-7',NULL);
INSERT INTO Inventory(CopyID,BookID,Sale) VALUES (383,'761335174-2',5);
INSERT INTO Inventory(CopyID,BookID,Sale) VALUES (384,'411884381-1',NULL);
INSERT INTO Inventory(CopyID,BookID,Sale) VALUES (385,'761335174-2',NULL);
INSERT INTO Inventory(CopyID,BookID,Sale) VALUES (386,'717512420-1',NULL);
INSERT INTO Inventory(CopyID,BookID,Sale) VALUES (387,'619110278-X',NULL);
INSERT INTO Inventory(CopyID,BookID,Sale) VALUES (388,'179377259-2',NULL);
INSERT INTO Inventory(CopyID,BookID,Sale) VALUES (389,'154724591-3',NULL);
INSERT INTO Inventory(CopyID,BookID,Sale) VALUES (390,'502853149-8',NULL);
INSERT INTO Inventory(CopyID,BookID,Sale) VALUES (391,'761335174-2',NULL);
INSERT INTO Inventory(CopyID,BookID,Sale) VALUES (392,'635154504-8',NULL);
INSERT INTO Inventory(CopyID,BookID,Sale) VALUES (393,'789590522-8',8);
INSERT INTO Inventory(CopyID,BookID,Sale) VALUES (394,'053553440-X',NULL);
INSERT INTO Inventory(CopyID,BookID,Sale) VALUES (395,'450960584-6',NULL);
INSERT INTO Inventory(CopyID,BookID,Sale) VALUES (396,'154724591-3',NULL);
INSERT INTO Inventory(CopyID,BookID,Sale) VALUES (397,'717512420-1',47);
INSERT INTO Inventory(CopyID,BookID,Sale) VALUES (398,'356425976-7',45);
INSERT INTO Inventory(CopyID,BookID,Sale) VALUES (399,'648248417-4',NULL);
INSERT INTO Inventory(CopyID,BookID,Sale) VALUES (400,'717512420-1',NULL);

-- populate BookPrices
INSERT INTO BookPrices(CopyID,BookID,Sale) VALUES (279,'2018-06-18',141.75);
INSERT INTO BookPrices(CopyID,BookID,Sale) VALUES (268,'2023-02-25',68.42);
INSERT INTO BookPrices(CopyID,BookID,Sale) VALUES (271,'2019-12-24',182.21);
INSERT INTO BookPrices(CopyID,BookID,Sale) VALUES (305,'2017-03-17',34.31);
INSERT INTO BookPrices(CopyID,BookID,Sale) VALUES (345,'2023-03-11',21.87);
INSERT INTO BookPrices(CopyID,BookID,Sale) VALUES (54,'2022-11-14',72.82);
INSERT INTO BookPrices(CopyID,BookID,Sale) VALUES (258,'2017-03-07',143.92);
INSERT INTO BookPrices(CopyID,BookID,Sale) VALUES (377,'2019-12-21',58.89);
INSERT INTO BookPrices(CopyID,BookID,Sale) VALUES (155,'2022-02-10',188.5);
INSERT INTO BookPrices(CopyID,BookID,Sale) VALUES (294,'2017-05-24',122.91);
INSERT INTO BookPrices(CopyID,BookID,Sale) VALUES (43,'2021-07-14',64.22);
INSERT INTO BookPrices(CopyID,BookID,Sale) VALUES (235,'2019-03-17',34.75);
INSERT INTO BookPrices(CopyID,BookID,Sale) VALUES (315,'2021-05-11',33.17);
INSERT INTO BookPrices(CopyID,BookID,Sale) VALUES (10,'2022-11-06',54.16);
INSERT INTO BookPrices(CopyID,BookID,Sale) VALUES (196,'2023-08-01',75.61);
INSERT INTO BookPrices(CopyID,BookID,Sale) VALUES (293,'2020-06-02',147.08);
INSERT INTO BookPrices(CopyID,BookID,Sale) VALUES (128,'2021-01-24',48.79);
INSERT INTO BookPrices(CopyID,BookID,Sale) VALUES (210,'2022-02-02',108.26);
INSERT INTO BookPrices(CopyID,BookID,Sale) VALUES (117,'2016-09-01',141.76);
INSERT INTO BookPrices(CopyID,BookID,Sale) VALUES (336,'2023-09-11',162.8);
INSERT INTO BookPrices(CopyID,BookID,Sale) VALUES (319,'2020-02-21',164.25);
INSERT INTO BookPrices(CopyID,BookID,Sale) VALUES (348,'2019-08-12',126.89);
INSERT INTO BookPrices(CopyID,BookID,Sale) VALUES (290,'2022-10-04',157.73);
INSERT INTO BookPrices(CopyID,BookID,Sale) VALUES (294,'2019-05-31',186.27);
INSERT INTO BookPrices(CopyID,BookID,Sale) VALUES (292,'2021-05-09',104.27);
INSERT INTO BookPrices(CopyID,BookID,Sale) VALUES (290,'2018-11-29',161.29);
INSERT INTO BookPrices(CopyID,BookID,Sale) VALUES (382,'2017-12-04',175.66);
INSERT INTO BookPrices(CopyID,BookID,Sale) VALUES (100,'2023-02-24',75.33);
INSERT INTO BookPrices(CopyID,BookID,Sale) VALUES (63,'2021-03-15',5.51);
INSERT INTO BookPrices(CopyID,BookID,Sale) VALUES (393,'2016-10-09',98.72);
INSERT INTO BookPrices(CopyID,BookID,Sale) VALUES (208,'2020-05-14',62.23);
INSERT INTO BookPrices(CopyID,BookID,Sale) VALUES (391,'2023-05-23',109.26);
INSERT INTO BookPrices(CopyID,BookID,Sale) VALUES (284,'2021-05-19',145.31);
INSERT INTO BookPrices(CopyID,BookID,Sale) VALUES (358,'2023-07-16',161.58);
INSERT INTO BookPrices(CopyID,BookID,Sale) VALUES (38,'2018-05-20',135.98);
INSERT INTO BookPrices(CopyID,BookID,Sale) VALUES (280,'2021-03-29',157.37);
INSERT INTO BookPrices(CopyID,BookID,Sale) VALUES (151,'2016-11-13',50.42);
INSERT INTO BookPrices(CopyID,BookID,Sale) VALUES (286,'2021-11-24',149.82);
INSERT INTO BookPrices(CopyID,BookID,Sale) VALUES (55,'2020-10-05',134.96);
INSERT INTO BookPrices(CopyID,BookID,Sale) VALUES (29,'2023-02-12',98.54);
INSERT INTO BookPrices(CopyID,BookID,Sale) VALUES (191,'2016-09-04',27.14);
INSERT INTO BookPrices(CopyID,BookID,Sale) VALUES (301,'2021-06-30',138.44);
INSERT INTO BookPrices(CopyID,BookID,Sale) VALUES (128,'2017-01-05',162.14);
INSERT INTO BookPrices(CopyID,BookID,Sale) VALUES (308,'2018-06-01',3.67);
INSERT INTO BookPrices(CopyID,BookID,Sale) VALUES (120,'2022-03-16',4.09);
INSERT INTO BookPrices(CopyID,BookID,Sale) VALUES (354,'2017-09-05',114.25);
INSERT INTO BookPrices(CopyID,BookID,Sale) VALUES (169,'2019-07-04',4.03);
INSERT INTO BookPrices(CopyID,BookID,Sale) VALUES (228,'2018-08-08',62.17);
INSERT INTO BookPrices(CopyID,BookID,Sale) VALUES (391,'2017-05-03',176.85);
INSERT INTO BookPrices(CopyID,BookID,Sale) VALUES (308,'2018-07-08',124.13);
INSERT INTO BookPrices(CopyID,BookID,Sale) VALUES (263,'2018-04-09',87.25);
INSERT INTO BookPrices(CopyID,BookID,Sale) VALUES (52,'2018-11-25',142.17);
INSERT INTO BookPrices(CopyID,BookID,Sale) VALUES (7,'2019-01-31',47.07);
INSERT INTO BookPrices(CopyID,BookID,Sale) VALUES (39,'2017-01-17',130.56);
INSERT INTO BookPrices(CopyID,BookID,Sale) VALUES (322,'2017-06-13',134.26);
INSERT INTO BookPrices(CopyID,BookID,Sale) VALUES (331,'2017-06-22',40.33);
INSERT INTO BookPrices(CopyID,BookID,Sale) VALUES (274,'2022-08-19',43.95);
INSERT INTO BookPrices(CopyID,BookID,Sale) VALUES (192,'2020-06-06',108.36);
INSERT INTO BookPrices(CopyID,BookID,Sale) VALUES (202,'2019-08-19',83.04);
INSERT INTO BookPrices(CopyID,BookID,Sale) VALUES (112,'2023-02-26',62.91);
INSERT INTO BookPrices(CopyID,BookID,Sale) VALUES (389,'2016-10-09',136.95);
INSERT INTO BookPrices(CopyID,BookID,Sale) VALUES (190,'2020-02-19',55.09);
INSERT INTO BookPrices(CopyID,BookID,Sale) VALUES (55,'2017-01-12',154.92);
INSERT INTO BookPrices(CopyID,BookID,Sale) VALUES (107,'2020-06-26',124.42);
INSERT INTO BookPrices(CopyID,BookID,Sale) VALUES (294,'2021-12-07',135.8);
INSERT INTO BookPrices(CopyID,BookID,Sale) VALUES (355,'2020-10-08',158.36);
INSERT INTO BookPrices(CopyID,BookID,Sale) VALUES (116,'2020-07-18',175.46);
INSERT INTO BookPrices(CopyID,BookID,Sale) VALUES (349,'2019-08-11',124.04);
INSERT INTO BookPrices(CopyID,BookID,Sale) VALUES (135,'2019-06-24',35.78);
INSERT INTO BookPrices(CopyID,BookID,Sale) VALUES (66,'2019-07-19',40.8);
INSERT INTO BookPrices(CopyID,BookID,Sale) VALUES (62,'2017-03-09',16.25);
INSERT INTO BookPrices(CopyID,BookID,Sale) VALUES (81,'2017-07-25',113.22);
INSERT INTO BookPrices(CopyID,BookID,Sale) VALUES (301,'2020-02-11',6.48);
INSERT INTO BookPrices(CopyID,BookID,Sale) VALUES (91,'2020-06-10',99.06);
INSERT INTO BookPrices(CopyID,BookID,Sale) VALUES (210,'2017-04-07',89.11);
INSERT INTO BookPrices(CopyID,BookID,Sale) VALUES (131,'2019-07-16',51.93);
INSERT INTO BookPrices(CopyID,BookID,Sale) VALUES (319,'2020-10-01',98.18);
INSERT INTO BookPrices(CopyID,BookID,Sale) VALUES (209,'2018-01-25',80.24);
INSERT INTO BookPrices(CopyID,BookID,Sale) VALUES (376,'2019-04-27',164.6);
INSERT INTO BookPrices(CopyID,BookID,Sale) VALUES (62,'2023-06-16',139.13);
INSERT INTO BookPrices(CopyID,BookID,Sale) VALUES (260,'2019-01-20',164.97);
INSERT INTO BookPrices(CopyID,BookID,Sale) VALUES (263,'2019-05-26',60.95);
INSERT INTO BookPrices(CopyID,BookID,Sale) VALUES (51,'2019-10-24',139.64);
INSERT INTO BookPrices(CopyID,BookID,Sale) VALUES (264,'2017-09-01',93.31);
INSERT INTO BookPrices(CopyID,BookID,Sale) VALUES (281,'2018-03-06',19.8);
INSERT INTO BookPrices(CopyID,BookID,Sale) VALUES (345,'2020-10-27',199.59);
INSERT INTO BookPrices(CopyID,BookID,Sale) VALUES (342,'2023-04-13',113.47);
INSERT INTO BookPrices(CopyID,BookID,Sale) VALUES (289,'2020-04-09',28.64);
INSERT INTO BookPrices(CopyID,BookID,Sale) VALUES (143,'2023-06-28',82.91);
INSERT INTO BookPrices(CopyID,BookID,Sale) VALUES (104,'2020-04-16',139.96);
INSERT INTO BookPrices(CopyID,BookID,Sale) VALUES (126,'2016-10-01',38.85);
INSERT INTO BookPrices(CopyID,BookID,Sale) VALUES (353,'2020-07-27',95.12);
INSERT INTO BookPrices(CopyID,BookID,Sale) VALUES (69,'2019-03-10',53.65);
INSERT INTO BookPrices(CopyID,BookID,Sale) VALUES (98,'2021-04-23',14.89);
INSERT INTO BookPrices(CopyID,BookID,Sale) VALUES (137,'2022-04-16',171.23);
INSERT INTO BookPrices(CopyID,BookID,Sale) VALUES (130,'2022-08-02',95.82);
INSERT INTO BookPrices(CopyID,BookID,Sale) VALUES (330,'2017-08-11',118.37);
INSERT INTO BookPrices(CopyID,BookID,Sale) VALUES (90,'2020-04-12',111.92);
INSERT INTO BookPrices(CopyID,BookID,Sale) VALUES (206,'2018-02-07',199.32);
INSERT INTO BookPrices(CopyID,BookID,Sale) VALUES (400,'2021-12-14',124.01);
INSERT INTO BookPrices(CopyID,BookID,Sale) VALUES (288,'2017-01-13',169.73);
INSERT INTO BookPrices(CopyID,BookID,Sale) VALUES (103,'2022-11-13',75.53);
INSERT INTO BookPrices(CopyID,BookID,Sale) VALUES (242,'2019-01-19',64.62);
INSERT INTO BookPrices(CopyID,BookID,Sale) VALUES (358,'2022-12-31',32.85);
INSERT INTO BookPrices(CopyID,BookID,Sale) VALUES (373,'2019-06-14',71.28);
INSERT INTO BookPrices(CopyID,BookID,Sale) VALUES (100,'2021-09-29',81.71);
INSERT INTO BookPrices(CopyID,BookID,Sale) VALUES (59,'2023-07-12',89.98);
INSERT INTO BookPrices(CopyID,BookID,Sale) VALUES (28,'2021-06-30',41.39);
INSERT INTO BookPrices(CopyID,BookID,Sale) VALUES (5,'2018-10-23',103.15);
INSERT INTO BookPrices(CopyID,BookID,Sale) VALUES (262,'2022-04-04',97.03);
INSERT INTO BookPrices(CopyID,BookID,Sale) VALUES (14,'2019-04-05',107.17);
INSERT INTO BookPrices(CopyID,BookID,Sale) VALUES (342,'2020-09-12',24.92);
INSERT INTO BookPrices(CopyID,BookID,Sale) VALUES (144,'2017-12-11',193.75);
INSERT INTO BookPrices(CopyID,BookID,Sale) VALUES (165,'2017-06-02',106.56);
INSERT INTO BookPrices(CopyID,BookID,Sale) VALUES (2,'2018-06-28',195.08);
INSERT INTO BookPrices(CopyID,BookID,Sale) VALUES (347,'2017-11-10',86.84);
INSERT INTO BookPrices(CopyID,BookID,Sale) VALUES (7,'2018-05-05',124.94);
INSERT INTO BookPrices(CopyID,BookID,Sale) VALUES (149,'2023-05-24',145.95);
INSERT INTO BookPrices(CopyID,BookID,Sale) VALUES (17,'2022-05-09',169.0);
INSERT INTO BookPrices(CopyID,BookID,Sale) VALUES (291,'2019-02-16',133.7);
INSERT INTO BookPrices(CopyID,BookID,Sale) VALUES (322,'2022-10-23',172.86);
INSERT INTO BookPrices(CopyID,BookID,Sale) VALUES (14,'2016-11-08',33.83);
INSERT INTO BookPrices(CopyID,BookID,Sale) VALUES (167,'2018-07-13',196.21);
INSERT INTO BookPrices(CopyID,BookID,Sale) VALUES (122,'2021-03-27',195.11);
INSERT INTO BookPrices(CopyID,BookID,Sale) VALUES (105,'2022-03-24',82.47);
INSERT INTO BookPrices(CopyID,BookID,Sale) VALUES (254,'2020-07-18',193.83);
INSERT INTO BookPrices(CopyID,BookID,Sale) VALUES (42,'2020-11-17',94.23);
INSERT INTO BookPrices(CopyID,BookID,Sale) VALUES (154,'2018-07-15',95.38);
INSERT INTO BookPrices(CopyID,BookID,Sale) VALUES (285,'2019-11-08',98.88);
INSERT INTO BookPrices(CopyID,BookID,Sale) VALUES (148,'2023-02-01',51.07);
INSERT INTO BookPrices(CopyID,BookID,Sale) VALUES (361,'2019-05-29',52.55);
INSERT INTO BookPrices(CopyID,BookID,Sale) VALUES (340,'2017-11-10',156.04);
INSERT INTO BookPrices(CopyID,BookID,Sale) VALUES (54,'2016-10-12',120.83);
INSERT INTO BookPrices(CopyID,BookID,Sale) VALUES (244,'2023-08-14',74.28);
INSERT INTO BookPrices(CopyID,BookID,Sale) VALUES (291,'2016-09-20',82.05);
INSERT INTO BookPrices(CopyID,BookID,Sale) VALUES (397,'2019-09-27',199.56);
INSERT INTO BookPrices(CopyID,BookID,Sale) VALUES (26,'2020-05-31',3.05);
INSERT INTO BookPrices(CopyID,BookID,Sale) VALUES (390,'2023-02-02',52.58);
INSERT INTO BookPrices(CopyID,BookID,Sale) VALUES (396,'2021-01-07',2.34);
INSERT INTO BookPrices(CopyID,BookID,Sale) VALUES (338,'2023-05-05',176.15);
INSERT INTO BookPrices(CopyID,BookID,Sale) VALUES (113,'2022-02-13',82.34);
INSERT INTO BookPrices(CopyID,BookID,Sale) VALUES (371,'2018-11-16',20.5);
INSERT INTO BookPrices(CopyID,BookID,Sale) VALUES (71,'2018-09-29',176.94);
INSERT INTO BookPrices(CopyID,BookID,Sale) VALUES (159,'2022-03-22',117.94);
INSERT INTO BookPrices(CopyID,BookID,Sale) VALUES (171,'2016-09-30',176.45);
INSERT INTO BookPrices(CopyID,BookID,Sale) VALUES (100,'2019-09-16',15.74);
INSERT INTO BookPrices(CopyID,BookID,Sale) VALUES (296,'2019-07-04',18.56);
INSERT INTO BookPrices(CopyID,BookID,Sale) VALUES (388,'2016-08-04',180.93);
INSERT INTO BookPrices(CopyID,BookID,Sale) VALUES (133,'2021-10-13',131.52);
INSERT INTO BookPrices(CopyID,BookID,Sale) VALUES (368,'2021-02-25',166.41);
INSERT INTO BookPrices(CopyID,BookID,Sale) VALUES (355,'2022-06-04',49.86);
INSERT INTO BookPrices(CopyID,BookID,Sale) VALUES (198,'2020-04-10',39.31);
INSERT INTO BookPrices(CopyID,BookID,Sale) VALUES (332,'2021-03-17',43.48);
INSERT INTO BookPrices(CopyID,BookID,Sale) VALUES (293,'2022-07-19',81.21);
INSERT INTO BookPrices(CopyID,BookID,Sale) VALUES (273,'2018-10-05',25.54);
INSERT INTO BookPrices(CopyID,BookID,Sale) VALUES (96,'2016-11-09',145.95);
INSERT INTO BookPrices(CopyID,BookID,Sale) VALUES (232,'2017-12-02',171.75);
INSERT INTO BookPrices(CopyID,BookID,Sale) VALUES (286,'2016-10-01',18.27);
INSERT INTO BookPrices(CopyID,BookID,Sale) VALUES (367,'2020-07-25',148.73);
INSERT INTO BookPrices(CopyID,BookID,Sale) VALUES (215,'2016-10-01',175.44);
INSERT INTO BookPrices(CopyID,BookID,Sale) VALUES (13,'2016-08-06',111.67);
INSERT INTO BookPrices(CopyID,BookID,Sale) VALUES (147,'2018-02-24',7.82);
INSERT INTO BookPrices(CopyID,BookID,Sale) VALUES (113,'2019-05-16',80.35);
INSERT INTO BookPrices(CopyID,BookID,Sale) VALUES (70,'2019-08-20',72.27);
INSERT INTO BookPrices(CopyID,BookID,Sale) VALUES (378,'2017-02-06',11.11);
INSERT INTO BookPrices(CopyID,BookID,Sale) VALUES (226,'2022-01-30',61.41);
INSERT INTO BookPrices(CopyID,BookID,Sale) VALUES (47,'2023-03-27',55.68);
INSERT INTO BookPrices(CopyID,BookID,Sale) VALUES (149,'2020-02-17',197.77);
INSERT INTO BookPrices(CopyID,BookID,Sale) VALUES (92,'2019-04-08',13.05);
INSERT INTO BookPrices(CopyID,BookID,Sale) VALUES (64,'2023-09-06',19.43);
INSERT INTO BookPrices(CopyID,BookID,Sale) VALUES (376,'2023-03-23',138.4);
INSERT INTO BookPrices(CopyID,BookID,Sale) VALUES (372,'2023-06-22',174.16);
INSERT INTO BookPrices(CopyID,BookID,Sale) VALUES (203,'2018-05-22',58.01);
INSERT INTO BookPrices(CopyID,BookID,Sale) VALUES (14,'2022-03-17',71.76);
INSERT INTO BookPrices(CopyID,BookID,Sale) VALUES (398,'2017-07-15',133.39);
INSERT INTO BookPrices(CopyID,BookID,Sale) VALUES (173,'2023-03-02',172.89);
INSERT INTO BookPrices(CopyID,BookID,Sale) VALUES (107,'2023-05-27',40.73);
INSERT INTO BookPrices(CopyID,BookID,Sale) VALUES (322,'2018-11-02',188.81);
INSERT INTO BookPrices(CopyID,BookID,Sale) VALUES (343,'2017-12-23',176.86);
INSERT INTO BookPrices(CopyID,BookID,Sale) VALUES (72,'2017-04-26',155.01);
INSERT INTO BookPrices(CopyID,BookID,Sale) VALUES (138,'2021-05-31',139.04);
INSERT INTO BookPrices(CopyID,BookID,Sale) VALUES (80,'2021-12-14',149.11);
INSERT INTO BookPrices(CopyID,BookID,Sale) VALUES (145,'2017-12-16',29.14);
INSERT INTO BookPrices(CopyID,BookID,Sale) VALUES (6,'2017-01-22',38.19);
INSERT INTO BookPrices(CopyID,BookID,Sale) VALUES (400,'2019-03-02',132.32);
INSERT INTO BookPrices(CopyID,BookID,Sale) VALUES (346,'2019-04-28',149.82);
INSERT INTO BookPrices(CopyID,BookID,Sale) VALUES (290,'2018-12-17',111.68);
INSERT INTO BookPrices(CopyID,BookID,Sale) VALUES (47,'2017-04-26',185.13);
INSERT INTO BookPrices(CopyID,BookID,Sale) VALUES (198,'2017-08-13',159.78);
INSERT INTO BookPrices(CopyID,BookID,Sale) VALUES (396,'2018-10-26',54.5);
INSERT INTO BookPrices(CopyID,BookID,Sale) VALUES (323,'2022-12-24',194.59);
INSERT INTO BookPrices(CopyID,BookID,Sale) VALUES (211,'2019-12-10',88.19);
INSERT INTO BookPrices(CopyID,BookID,Sale) VALUES (24,'2022-09-06',110.53);
INSERT INTO BookPrices(CopyID,BookID,Sale) VALUES (21,'2017-04-02',95.84);
INSERT INTO BookPrices(CopyID,BookID,Sale) VALUES (193,'2020-11-12',157.25);
INSERT INTO BookPrices(CopyID,BookID,Sale) VALUES (79,'2018-08-09',130.18);
INSERT INTO BookPrices(CopyID,BookID,Sale) VALUES (9,'2019-01-22',154.72);
INSERT INTO BookPrices(CopyID,BookID,Sale) VALUES (183,'2019-11-27',125.64);
INSERT INTO BookPrices(CopyID,BookID,Sale) VALUES (255,'2017-12-03',191.88);
INSERT INTO BookPrices(CopyID,BookID,Sale) VALUES (227,'2021-12-17',100.83);
INSERT INTO BookPrices(CopyID,BookID,Sale) VALUES (257,'2017-03-30',180.32);
INSERT INTO BookPrices(CopyID,BookID,Sale) VALUES (153,'2020-08-05',4.38);
INSERT INTO BookPrices(CopyID,BookID,Sale) VALUES (330,'2020-09-15',54.88);
INSERT INTO BookPrices(CopyID,BookID,Sale) VALUES (92,'2023-06-05',188.07);
INSERT INTO BookPrices(CopyID,BookID,Sale) VALUES (342,'2018-08-10',55.27);
INSERT INTO BookPrices(CopyID,BookID,Sale) VALUES (53,'2020-12-07',44.63);
INSERT INTO BookPrices(CopyID,BookID,Sale) VALUES (214,'2022-12-04',131.78);
INSERT INTO BookPrices(CopyID,BookID,Sale) VALUES (175,'2018-09-15',147.82);
INSERT INTO BookPrices(CopyID,BookID,Sale) VALUES (80,'2017-04-19',144.04);
INSERT INTO BookPrices(CopyID,BookID,Sale) VALUES (81,'2018-06-18',82.34);
INSERT INTO BookPrices(CopyID,BookID,Sale) VALUES (48,'2017-11-18',163.47);
INSERT INTO BookPrices(CopyID,BookID,Sale) VALUES (189,'2020-05-23',62.09);
INSERT INTO BookPrices(CopyID,BookID,Sale) VALUES (239,'2019-07-17',124.54);
INSERT INTO BookPrices(CopyID,BookID,Sale) VALUES (353,'2022-04-27',135.83);
INSERT INTO BookPrices(CopyID,BookID,Sale) VALUES (321,'2020-01-08',61.69);
INSERT INTO BookPrices(CopyID,BookID,Sale) VALUES (384,'2018-09-06',157.85);
INSERT INTO BookPrices(CopyID,BookID,Sale) VALUES (63,'2019-11-09',84.83);
INSERT INTO BookPrices(CopyID,BookID,Sale) VALUES (87,'2021-12-29',36.71);
INSERT INTO BookPrices(CopyID,BookID,Sale) VALUES (141,'2017-07-20',182.14);
INSERT INTO BookPrices(CopyID,BookID,Sale) VALUES (356,'2017-04-20',94.55);
INSERT INTO BookPrices(CopyID,BookID,Sale) VALUES (190,'2022-10-07',18.63);
INSERT INTO BookPrices(CopyID,BookID,Sale) VALUES (4,'2017-09-06',67.56);
INSERT INTO BookPrices(CopyID,BookID,Sale) VALUES (317,'2019-12-09',151.11);
INSERT INTO BookPrices(CopyID,BookID,Sale) VALUES (253,'2019-07-03',145.18);
INSERT INTO BookPrices(CopyID,BookID,Sale) VALUES (103,'2021-01-16',162.72);
INSERT INTO BookPrices(CopyID,BookID,Sale) VALUES (171,'2019-11-12',194.76);
INSERT INTO BookPrices(CopyID,BookID,Sale) VALUES (207,'2023-07-06',122.91);
INSERT INTO BookPrices(CopyID,BookID,Sale) VALUES (239,'2016-11-09',66.35);
INSERT INTO BookPrices(CopyID,BookID,Sale) VALUES (295,'2022-07-23',64.48);
INSERT INTO BookPrices(CopyID,BookID,Sale) VALUES (204,'2021-03-27',68.77);
INSERT INTO BookPrices(CopyID,BookID,Sale) VALUES (138,'2023-03-01',12.46);
INSERT INTO BookPrices(CopyID,BookID,Sale) VALUES (293,'2018-01-25',95.14);
INSERT INTO BookPrices(CopyID,BookID,Sale) VALUES (246,'2017-12-22',138.73);
INSERT INTO BookPrices(CopyID,BookID,Sale) VALUES (261,'2023-06-04',153.03);
INSERT INTO BookPrices(CopyID,BookID,Sale) VALUES (254,'2021-12-13',99.05);
INSERT INTO BookPrices(CopyID,BookID,Sale) VALUES (223,'2017-02-11',35.12);
INSERT INTO BookPrices(CopyID,BookID,Sale) VALUES (113,'2021-06-16',13.72);
INSERT INTO BookPrices(CopyID,BookID,Sale) VALUES (9,'2017-02-06',119.31);
INSERT INTO BookPrices(CopyID,BookID,Sale) VALUES (198,'2023-08-21',170.9);
INSERT INTO BookPrices(CopyID,BookID,Sale) VALUES (279,'2023-06-22',112.97);
INSERT INTO BookPrices(CopyID,BookID,Sale) VALUES (91,'2016-10-03',102.95);
INSERT INTO BookPrices(CopyID,BookID,Sale) VALUES (348,'2019-04-15',32.03);
INSERT INTO BookPrices(CopyID,BookID,Sale) VALUES (148,'2019-07-26',103.98);
INSERT INTO BookPrices(CopyID,BookID,Sale) VALUES (400,'2021-04-04',4.43);
INSERT INTO BookPrices(CopyID,BookID,Sale) VALUES (24,'2020-11-27',181.98);
INSERT INTO BookPrices(CopyID,BookID,Sale) VALUES (297,'2022-09-29',122.59);
INSERT INTO BookPrices(CopyID,BookID,Sale) VALUES (179,'2022-12-11',167.44);
INSERT INTO BookPrices(CopyID,BookID,Sale) VALUES (391,'2018-04-25',193.11);
INSERT INTO BookPrices(CopyID,BookID,Sale) VALUES (242,'2022-08-09',67.26);
INSERT INTO BookPrices(CopyID,BookID,Sale) VALUES (102,'2021-04-18',36.91);
INSERT INTO BookPrices(CopyID,BookID,Sale) VALUES (169,'2023-01-21',96.81);
INSERT INTO BookPrices(CopyID,BookID,Sale) VALUES (350,'2019-01-18',88.98);
INSERT INTO BookPrices(CopyID,BookID,Sale) VALUES (198,'2022-03-04',119.25);
INSERT INTO BookPrices(CopyID,BookID,Sale) VALUES (109,'2021-02-22',31.02);
INSERT INTO BookPrices(CopyID,BookID,Sale) VALUES (218,'2021-05-10',160.95);
INSERT INTO BookPrices(CopyID,BookID,Sale) VALUES (366,'2018-01-31',93.51);
INSERT INTO BookPrices(CopyID,BookID,Sale) VALUES (373,'2023-01-03',107.62);
INSERT INTO BookPrices(CopyID,BookID,Sale) VALUES (294,'2022-08-20',79.3);
INSERT INTO BookPrices(CopyID,BookID,Sale) VALUES (7,'2023-02-23',62.63);
INSERT INTO BookPrices(CopyID,BookID,Sale) VALUES (117,'2018-06-19',70.39);
INSERT INTO BookPrices(CopyID,BookID,Sale) VALUES (286,'2022-08-10',113.24);
INSERT INTO BookPrices(CopyID,BookID,Sale) VALUES (244,'2022-05-12',72.63);
INSERT INTO BookPrices(CopyID,BookID,Sale) VALUES (386,'2019-05-02',118.02);
INSERT INTO BookPrices(CopyID,BookID,Sale) VALUES (383,'2022-05-03',148.95);
INSERT INTO BookPrices(CopyID,BookID,Sale) VALUES (183,'2020-01-26',81.91);
INSERT INTO BookPrices(CopyID,BookID,Sale) VALUES (61,'2016-11-10',141.83);
INSERT INTO BookPrices(CopyID,BookID,Sale) VALUES (281,'2017-01-26',100.54);
INSERT INTO BookPrices(CopyID,BookID,Sale) VALUES (118,'2016-09-12',109.55);
INSERT INTO BookPrices(CopyID,BookID,Sale) VALUES (138,'2019-08-27',88.38);
INSERT INTO BookPrices(CopyID,BookID,Sale) VALUES (370,'2020-08-06',7.17);
INSERT INTO BookPrices(CopyID,BookID,Sale) VALUES (110,'2017-05-01',194.52);
INSERT INTO BookPrices(CopyID,BookID,Sale) VALUES (220,'2016-07-22',90.82);
INSERT INTO BookPrices(CopyID,BookID,Sale) VALUES (82,'2021-01-24',52.46);
INSERT INTO BookPrices(CopyID,BookID,Sale) VALUES (29,'2020-10-22',174.65);
INSERT INTO BookPrices(CopyID,BookID,Sale) VALUES (287,'2023-09-10',165.15);
INSERT INTO BookPrices(CopyID,BookID,Sale) VALUES (383,'2016-09-16',77.67);
INSERT INTO BookPrices(CopyID,BookID,Sale) VALUES (126,'2023-06-28',186.63);
INSERT INTO BookPrices(CopyID,BookID,Sale) VALUES (352,'2023-03-19',96.54);
INSERT INTO BookPrices(CopyID,BookID,Sale) VALUES (280,'2022-02-24',79.29);
INSERT INTO BookPrices(CopyID,BookID,Sale) VALUES (151,'2021-03-11',145.26);
INSERT INTO BookPrices(CopyID,BookID,Sale) VALUES (212,'2022-09-30',140.32);
INSERT INTO BookPrices(CopyID,BookID,Sale) VALUES (138,'2019-08-15',135.8);
INSERT INTO BookPrices(CopyID,BookID,Sale) VALUES (343,'2018-08-31',115.23);
INSERT INTO BookPrices(CopyID,BookID,Sale) VALUES (235,'2018-01-25',116.36);
INSERT INTO BookPrices(CopyID,BookID,Sale) VALUES (238,'2020-02-21',9.53);
INSERT INTO BookPrices(CopyID,BookID,Sale) VALUES (171,'2020-07-18',162.44);
INSERT INTO BookPrices(CopyID,BookID,Sale) VALUES (41,'2018-07-03',161.89);
INSERT INTO BookPrices(CopyID,BookID,Sale) VALUES (300,'2022-07-18',72.9);
INSERT INTO BookPrices(CopyID,BookID,Sale) VALUES (239,'2019-11-16',118.78);
INSERT INTO BookPrices(CopyID,BookID,Sale) VALUES (371,'2017-12-19',158.09);
INSERT INTO BookPrices(CopyID,BookID,Sale) VALUES (265,'2022-12-01',62.24);
INSERT INTO BookPrices(CopyID,BookID,Sale) VALUES (297,'2017-09-20',124.97);
INSERT INTO BookPrices(CopyID,BookID,Sale) VALUES (359,'2022-03-09',83.9);
INSERT INTO BookPrices(CopyID,BookID,Sale) VALUES (165,'2020-10-14',35.4);
INSERT INTO BookPrices(CopyID,BookID,Sale) VALUES (261,'2020-12-22',47.99);
INSERT INTO BookPrices(CopyID,BookID,Sale) VALUES (333,'2016-09-08',34.62);
INSERT INTO BookPrices(CopyID,BookID,Sale) VALUES (103,'2022-08-22',34.56);
INSERT INTO BookPrices(CopyID,BookID,Sale) VALUES (42,'2023-06-18',158.24);
INSERT INTO BookPrices(CopyID,BookID,Sale) VALUES (52,'2016-11-13',88.6);
INSERT INTO BookPrices(CopyID,BookID,Sale) VALUES (88,'2016-10-21',32.0);
INSERT INTO BookPrices(CopyID,BookID,Sale) VALUES (371,'2019-10-10',102.53);
INSERT INTO BookPrices(CopyID,BookID,Sale) VALUES (325,'2023-01-07',187.16);
INSERT INTO BookPrices(CopyID,BookID,Sale) VALUES (220,'2020-10-17',178.98);
INSERT INTO BookPrices(CopyID,BookID,Sale) VALUES (295,'2022-05-21',194.59);
INSERT INTO BookPrices(CopyID,BookID,Sale) VALUES (276,'2019-02-14',109.75);
INSERT INTO BookPrices(CopyID,BookID,Sale) VALUES (287,'2021-03-24',176.91);
INSERT INTO BookPrices(CopyID,BookID,Sale) VALUES (183,'2021-01-08',30.45);
INSERT INTO BookPrices(CopyID,BookID,Sale) VALUES (373,'2022-07-19',131.0);
INSERT INTO BookPrices(CopyID,BookID,Sale) VALUES (246,'2017-07-28',184.7);
INSERT INTO BookPrices(CopyID,BookID,Sale) VALUES (146,'2022-09-11',156.62);
INSERT INTO BookPrices(CopyID,BookID,Sale) VALUES (21,'2018-12-29',40.39);
INSERT INTO BookPrices(CopyID,BookID,Sale) VALUES (385,'2017-12-23',199.1);
INSERT INTO BookPrices(CopyID,BookID,Sale) VALUES (43,'2023-02-18',34.43);
INSERT INTO BookPrices(CopyID,BookID,Sale) VALUES (73,'2021-08-14',30.09);
INSERT INTO BookPrices(CopyID,BookID,Sale) VALUES (87,'2020-09-27',113.44);
INSERT INTO BookPrices(CopyID,BookID,Sale) VALUES (260,'2017-12-12',199.35);
INSERT INTO BookPrices(CopyID,BookID,Sale) VALUES (216,'2021-12-08',98.72);
INSERT INTO BookPrices(CopyID,BookID,Sale) VALUES (276,'2018-04-26',126.51);
INSERT INTO BookPrices(CopyID,BookID,Sale) VALUES (217,'2022-04-08',140.04);
INSERT INTO BookPrices(CopyID,BookID,Sale) VALUES (86,'2017-09-09',123.62);
INSERT INTO BookPrices(CopyID,BookID,Sale) VALUES (77,'2017-03-08',59.34);
INSERT INTO BookPrices(CopyID,BookID,Sale) VALUES (322,'2018-07-31',119.55);
INSERT INTO BookPrices(CopyID,BookID,Sale) VALUES (13,'2019-10-10',34.11);
INSERT INTO BookPrices(CopyID,BookID,Sale) VALUES (119,'2019-01-12',165.27);
INSERT INTO BookPrices(CopyID,BookID,Sale) VALUES (204,'2021-04-15',172.97);
INSERT INTO BookPrices(CopyID,BookID,Sale) VALUES (303,'2020-01-06',184.06);
INSERT INTO BookPrices(CopyID,BookID,Sale) VALUES (351,'2018-07-03',83.58);
INSERT INTO BookPrices(CopyID,BookID,Sale) VALUES (391,'2020-07-25',68.11);
INSERT INTO BookPrices(CopyID,BookID,Sale) VALUES (1,'2020-01-02',159.05);
INSERT INTO BookPrices(CopyID,BookID,Sale) VALUES (289,'2018-12-25',135.44);
INSERT INTO BookPrices(CopyID,BookID,Sale) VALUES (51,'2018-12-20',196.09);
INSERT INTO BookPrices(CopyID,BookID,Sale) VALUES (357,'2022-11-15',91.16);
INSERT INTO BookPrices(CopyID,BookID,Sale) VALUES (185,'2016-10-14',88.63);
INSERT INTO BookPrices(CopyID,BookID,Sale) VALUES (384,'2023-08-01',171.76);
INSERT INTO BookPrices(CopyID,BookID,Sale) VALUES (24,'2021-08-13',40.4);
INSERT INTO BookPrices(CopyID,BookID,Sale) VALUES (132,'2017-01-31',128.95);
INSERT INTO BookPrices(CopyID,BookID,Sale) VALUES (123,'2018-09-07',134.12);
INSERT INTO BookPrices(CopyID,BookID,Sale) VALUES (171,'2020-06-27',5.59);
INSERT INTO BookPrices(CopyID,BookID,Sale) VALUES (221,'2022-04-13',11.37);
INSERT INTO BookPrices(CopyID,BookID,Sale) VALUES (99,'2020-01-24',196.56);
INSERT INTO BookPrices(CopyID,BookID,Sale) VALUES (343,'2019-04-19',35.33);
INSERT INTO BookPrices(CopyID,BookID,Sale) VALUES (51,'2020-10-28',154.07);
INSERT INTO BookPrices(CopyID,BookID,Sale) VALUES (218,'2022-07-09',73.65);
INSERT INTO BookPrices(CopyID,BookID,Sale) VALUES (41,'2022-06-24',69.73);
INSERT INTO BookPrices(CopyID,BookID,Sale) VALUES (140,'2021-09-06',179.71);
INSERT INTO BookPrices(CopyID,BookID,Sale) VALUES (52,'2020-08-04',76.67);
INSERT INTO BookPrices(CopyID,BookID,Sale) VALUES (372,'2019-11-05',74.3);
INSERT INTO BookPrices(CopyID,BookID,Sale) VALUES (167,'2022-02-12',169.87);
INSERT INTO BookPrices(CopyID,BookID,Sale) VALUES (153,'2020-11-08',90.9);
INSERT INTO BookPrices(CopyID,BookID,Sale) VALUES (104,'2020-12-30',171.08);
INSERT INTO BookPrices(CopyID,BookID,Sale) VALUES (350,'2023-01-11',154.68);
INSERT INTO BookPrices(CopyID,BookID,Sale) VALUES (261,'2020-09-05',77.42);
INSERT INTO BookPrices(CopyID,BookID,Sale) VALUES (83,'2017-11-07',131.35);
INSERT INTO BookPrices(CopyID,BookID,Sale) VALUES (137,'2016-10-26',59.73);
INSERT INTO BookPrices(CopyID,BookID,Sale) VALUES (381,'2017-09-08',191.73);
INSERT INTO BookPrices(CopyID,BookID,Sale) VALUES (71,'2023-04-15',188.21);
INSERT INTO BookPrices(CopyID,BookID,Sale) VALUES (389,'2019-01-08',196.53);
INSERT INTO BookPrices(CopyID,BookID,Sale) VALUES (158,'2021-12-08',129.29);
INSERT INTO BookPrices(CopyID,BookID,Sale) VALUES (89,'2018-05-11',31.29);
INSERT INTO BookPrices(CopyID,BookID,Sale) VALUES (294,'2018-09-22',117.71);
INSERT INTO BookPrices(CopyID,BookID,Sale) VALUES (203,'2017-01-03',161.24);
INSERT INTO BookPrices(CopyID,BookID,Sale) VALUES (367,'2023-07-13',82.88);
INSERT INTO BookPrices(CopyID,BookID,Sale) VALUES (307,'2020-12-06',69.65);
INSERT INTO BookPrices(CopyID,BookID,Sale) VALUES (284,'2021-10-11',9.99);
INSERT INTO BookPrices(CopyID,BookID,Sale) VALUES (317,'2023-01-22',175.04);
INSERT INTO BookPrices(CopyID,BookID,Sale) VALUES (46,'2020-07-06',100.94);
INSERT INTO BookPrices(CopyID,BookID,Sale) VALUES (386,'2023-02-23',37.13);
INSERT INTO BookPrices(CopyID,BookID,Sale) VALUES (155,'2021-11-08',1.78);
INSERT INTO BookPrices(CopyID,BookID,Sale) VALUES (237,'2022-08-11',44.74);
INSERT INTO BookPrices(CopyID,BookID,Sale) VALUES (85,'2022-12-17',185.22);
INSERT INTO BookPrices(CopyID,BookID,Sale) VALUES (210,'2018-10-23',189.1);
INSERT INTO BookPrices(CopyID,BookID,Sale) VALUES (50,'2019-05-27',69.39);
INSERT INTO BookPrices(CopyID,BookID,Sale) VALUES (342,'2019-04-25',117.94);
INSERT INTO BookPrices(CopyID,BookID,Sale) VALUES (203,'2016-08-05',50.47);
INSERT INTO BookPrices(CopyID,BookID,Sale) VALUES (33,'2023-08-15',198.38);
INSERT INTO BookPrices(CopyID,BookID,Sale) VALUES (232,'2021-08-30',39.17);
INSERT INTO BookPrices(CopyID,BookID,Sale) VALUES (212,'2021-12-15',115.06);
INSERT INTO BookPrices(CopyID,BookID,Sale) VALUES (305,'2021-06-11',151.75);
INSERT INTO BookPrices(CopyID,BookID,Sale) VALUES (362,'2022-03-03',62.39);
INSERT INTO BookPrices(CopyID,BookID,Sale) VALUES (59,'2021-04-10',185.7);
INSERT INTO BookPrices(CopyID,BookID,Sale) VALUES (367,'2016-11-03',139.42);
INSERT INTO BookPrices(CopyID,BookID,Sale) VALUES (284,'2018-08-11',50.28);
INSERT INTO BookPrices(CopyID,BookID,Sale) VALUES (316,'2019-07-12',103.55);
INSERT INTO BookPrices(CopyID,BookID,Sale) VALUES (229,'2021-05-14',10.66);
INSERT INTO BookPrices(CopyID,BookID,Sale) VALUES (201,'2018-01-19',133.42);
INSERT INTO BookPrices(CopyID,BookID,Sale) VALUES (128,'2018-05-04',114.73);
INSERT INTO BookPrices(CopyID,BookID,Sale) VALUES (70,'2022-11-14',153.23);
INSERT INTO BookPrices(CopyID,BookID,Sale) VALUES (95,'2017-09-30',107.47);
INSERT INTO BookPrices(CopyID,BookID,Sale) VALUES (333,'2019-08-18',82.44);
INSERT INTO BookPrices(CopyID,BookID,Sale) VALUES (192,'2017-01-02',6.42);
INSERT INTO BookPrices(CopyID,BookID,Sale) VALUES (288,'2017-09-12',134.8);
INSERT INTO BookPrices(CopyID,BookID,Sale) VALUES (345,'2022-04-15',195.53);
INSERT INTO BookPrices(CopyID,BookID,Sale) VALUES (396,'2022-08-25',131.49);
INSERT INTO BookPrices(CopyID,BookID,Sale) VALUES (234,'2018-06-06',5.6);
INSERT INTO BookPrices(CopyID,BookID,Sale) VALUES (277,'2016-11-28',162.35);
INSERT INTO BookPrices(CopyID,BookID,Sale) VALUES (291,'2017-01-22',161.29);
INSERT INTO BookPrices(CopyID,BookID,Sale) VALUES (66,'2018-10-23',124.4);
INSERT INTO BookPrices(CopyID,BookID,Sale) VALUES (20,'2019-12-31',36.62);
INSERT INTO BookPrices(CopyID,BookID,Sale) VALUES (107,'2017-11-30',190.41);
INSERT INTO BookPrices(CopyID,BookID,Sale) VALUES (320,'2017-09-28',171.39);

-- populate countercurses
INSERT INTO Countercurses(CopyID,BookID,Sale) VALUES (1,'lacinia eget tincidunt eget',Praesent lectus. Vestibulum quam sapien varius ut blandit non interdum in ante. Vestibulum ante ipsum primis in faucibus orci luctus et ultrices posuere cubilia Curae; Duis faucibus accumsan odio. Curabitur convallis.);
INSERT INTO Countercurses(CopyID,BookID,Sale) VALUES (2,'lobortis sapien',In eleifend quam a odio. In hac habitasse platea dictumst.);
INSERT INTO Countercurses(CopyID,BookID,Sale) VALUES (3,'sapien varius ut blandit',Lorem ipsum dolor sit amet consectetuer adipiscing elit.);
INSERT INTO Countercurses(CopyID,BookID,Sale) VALUES (4,'maecenas leo',Cras non velit nec nisi vulputate nonummy. Maecenas tincidunt lacus at velit. Vivamus vel nulla eget eros elementum pellentesque.);
INSERT INTO Countercurses(CopyID,BookID,Sale) VALUES (5,'semper porta volutpat quam',Quisque id justo sit amet sapien dignissim vestibulum.);
INSERT INTO Countercurses(CopyID,BookID,Sale) VALUES (6,'amet eleifend pede libero',Nullam orci pede venenatis non sodales sed tincidunt eu felis. Fusce posuere felis sed lacus. Morbi sem mauris laoreet ut rhoncus aliquet pulvinar sed nisl.);
INSERT INTO Countercurses(CopyID,BookID,Sale) VALUES (7,'nulla nunc',Phasellus sit amet erat. Nulla tempus. Vivamus in felis eu sapien cursus vestibulum.);
INSERT INTO Countercurses(CopyID,BookID,Sale) VALUES (8,'sollicitudin ut',Integer ac neque.);
INSERT INTO Countercurses(CopyID,BookID,Sale) VALUES (9,'consequat morbi a ipsum',Fusce consequat. Nulla nisl. Nunc nisl.);
INSERT INTO Countercurses(CopyID,BookID,Sale) VALUES (10,'non ligula',Nunc nisl. Duis bibendum felis sed interdum venenatis turpis enim blandit mi in porttitor pede justo eu massa.);
INSERT INTO Countercurses(CopyID,BookID,Sale) VALUES (11,'morbi',Aenean lectus. Pellentesque eget nunc. Donec quis orci eget orci vehicula condimentum.);
INSERT INTO Countercurses(CopyID,BookID,Sale) VALUES (12,'aliquet ultrices erat tortor',Vestibulum ac est lacinia nisi venenatis tristique. Fusce congue diam id ornare imperdiet sapien urna pretium nisl ut volutpat sapien arcu sed augue. Aliquam erat volutpat. In congue.);
INSERT INTO Countercurses(CopyID,BookID,Sale) VALUES (13,'auctor',Curabitur in libero ut massa volutpat convallis.);
INSERT INTO Countercurses(CopyID,BookID,Sale) VALUES (14,'sit',Mauris ullamcorper purus sit amet nulla. Quisque arcu libero rutrum ac lobortis vel dapibus at diam. Nam tristique tortor eu pede.);
INSERT INTO Countercurses(CopyID,BookID,Sale) VALUES (15,'lorem ipsum dolor sit',Duis at velit eu est congue elementum. In hac habitasse platea dictumst.);
INSERT INTO Countercurses(CopyID,BookID,Sale) VALUES (16,'non sodales sed tincidunt',Donec ut mauris eget massa tempor convallis. Nulla neque libero convallis eget eleifend luctus ultricies eu nibh. Quisque id justo sit amet sapien dignissim vestibulum. Vestibulum ante ipsum primis in faucibus orci luctus et ultrices posuere cubilia Curae; Nulla dapibus dolor vel est.);
INSERT INTO Countercurses(CopyID,BookID,Sale) VALUES (17,'vestibulum sit amet cursus',Sed ante.);
INSERT INTO Countercurses(CopyID,BookID,Sale) VALUES (18,'nulla justo aliquam',Proin risus. Praesent lectus. Vestibulum quam sapien varius ut blandit non interdum in ante. Vestibulum ante ipsum primis in faucibus orci luctus et ultrices posuere cubilia Curae; Duis faucibus accumsan odio.);
INSERT INTO Countercurses(CopyID,BookID,Sale) VALUES (19,'adipiscing',Integer a nibh. In quis justo.);
INSERT INTO Countercurses(CopyID,BookID,Sale) VALUES (20,'feugiat',Pellentesque viverra pede ac diam. Cras pellentesque volutpat dui. Maecenas tristique est et tempus semper est quam pharetra magna ac consequat metus sapien ut nunc.);
INSERT INTO Countercurses(CopyID,BookID,Sale) VALUES (21,'egestas',Nulla tellus.);
INSERT INTO Countercurses(CopyID,BookID,Sale) VALUES (22,'lectus in',Mauris sit amet eros. Suspendisse accumsan tortor quis turpis.);
INSERT INTO Countercurses(CopyID,BookID,Sale) VALUES (23,'sapien',Pellentesque at nulla. Suspendisse potenti. Cras in purus eu magna vulputate luctus. Cum sociis natoque penatibus et magnis dis parturient montes nascetur ridiculus mus.);
INSERT INTO Countercurses(CopyID,BookID,Sale) VALUES (24,'condimentum',Duis consequat dui nec nisi volutpat eleifend. Donec ut dolor. Morbi vel lectus in quam fringilla rhoncus.);
INSERT INTO Countercurses(CopyID,BookID,Sale) VALUES (25,'phasellus sit',Morbi porttitor lorem id ligula. Suspendisse ornare consequat lectus.);

-- populate curses
INSERT INTO Curses(CurseID,Name,Effect,DangerLevel,Description,Countercurse) VALUES (1,'ornare','nulla sed vel enim sit amet nunc viverra dapibus nulla',10,'Vestibulum sed magna at nunc commodo placerat.',22);
INSERT INTO Curses(CurseID,Name,Effect,DangerLevel,Description,Countercurse) VALUES (2,'rutrum rutrum','in hac habitasse platea dictumst maecenas ut massa',7,'Fusce consequat. Nulla nisl. Nunc nisl.',14);
INSERT INTO Curses(CurseID,Name,Effect,DangerLevel,Description,Countercurse) VALUES (3,'accumsan','amet lobortis sapien sapien non mi',1,'Nunc rhoncus dui vel sem. Sed sagittis. Nam congue, risus semper porta volutpat, quam pede lobortis ligula, sit amet eleifend pede libero quis orci. Nullam molestie nibh in lectus.',4);
INSERT INTO Curses(CurseID,Name,Effect,DangerLevel,Description,Countercurse) VALUES (4,'viverra','vitae ipsum aliquam non',6,'Aliquam quis turpis eget elit sodales scelerisque. Mauris sit amet eros. Suspendisse accumsan tortor quis turpis. Sed ante.',21);
INSERT INTO Curses(CurseID,Name,Effect,DangerLevel,Description,Countercurse) VALUES (5,'pede','massa donec dapibus duis at velit eu est congue',1,'Morbi odio odio, elementum eu, interdum eu, tincidunt in, leo. Maecenas pulvinar lobortis est. Phasellus sit amet erat. Nulla tempus.',15);
INSERT INTO Curses(CurseID,Name,Effect,DangerLevel,Description,Countercurse) VALUES (6,'mus vivamus','vestibulum aliquet ultrices erat tortor sollicitudin mi sit',2,'Nulla neque libero, convallis eget, eleifend luctus, ultricies eu, nibh. Quisque id justo sit amet sapien dignissim vestibulum. Vestibulum ante ipsum primis in faucibus orci luctus et ultrices posuere cubilia Curae; Nulla dapibus dolor vel est.',11);
INSERT INTO Curses(CurseID,Name,Effect,DangerLevel,Description,Countercurse) VALUES (7,'velit vivamus vel','quis justo maecenas rhoncus aliquam lacus morbi quis tortor',8,'Vestibulum quam sapien, varius ut, blandit non, interdum in, ante. Vestibulum ante ipsum primis in faucibus orci luctus et ultrices posuere cubilia Curae; Duis faucibus accumsan odio. Curabitur convallis.',22);
INSERT INTO Curses(CurseID,Name,Effect,DangerLevel,Description,Countercurse) VALUES (8,'duis mattis','sed sagittis nam congue risus',4,'Integer aliquet, massa id lobortis convallis, tortor risus dapibus augue, vel accumsan tellus nisi eu orci. Mauris lacinia sapien quis libero.',19);
INSERT INTO Curses(CurseID,Name,Effect,DangerLevel,Description,Countercurse) VALUES (9,'turpis elementum ligula','fusce congue diam id ornare imperdiet sapien urna pretium',10,'Cras non velit nec nisi vulputate nonummy.',3);
INSERT INTO Curses(CurseID,Name,Effect,DangerLevel,Description,Countercurse) VALUES (10,'potenti nullam','et ultrices posuere cubilia',5,'Maecenas rhoncus aliquam lacus. Morbi quis tortor id nulla ultrices aliquet.',6);
INSERT INTO Curses(CurseID,Name,Effect,DangerLevel,Description,Countercurse) VALUES (11,'hac habitasse platea','ut tellus nulla ut erat id mauris',2,'Morbi vel lectus in quam fringilla rhoncus.',19);
INSERT INTO Curses(CurseID,Name,Effect,DangerLevel,Description,Countercurse) VALUES (12,'turpis a pede','nulla pede ullamcorper augue a suscipit nulla elit ac nulla',3,'Duis ac nibh.',12);
INSERT INTO Curses(CurseID,Name,Effect,DangerLevel,Description,Countercurse) VALUES (13,'nec nisi vulputate','aliquam convallis nunc proin at turpis a pede',4,'In tempor, turpis nec euismod scelerisque, quam turpis adipiscing lorem, vitae mattis nibh ligula nec sem. Duis aliquam convallis nunc.',1);
INSERT INTO Curses(CurseID,Name,Effect,DangerLevel,Description,Countercurse) VALUES (14,'quisque porta','non mattis pulvinar nulla pede',1,'Aenean auctor gravida sem. Praesent id massa id nisl venenatis lacinia. Aenean sit amet justo.',17);
INSERT INTO Curses(CurseID,Name,Effect,DangerLevel,Description,Countercurse) VALUES (15,'sit amet nulla','pellentesque volutpat dui maecenas tristique',5,'Duis ac nibh. Fusce lacus purus, aliquet at, feugiat non, pretium quis, lectus. Suspendisse potenti. In eleifend quam a odio.',6);
INSERT INTO Curses(CurseID,Name,Effect,DangerLevel,Description,Countercurse) VALUES (16,'mi integer ac','nunc purus phasellus in felis donec semper sapien',9,'In tempor, turpis nec euismod scelerisque, quam turpis adipiscing lorem, vitae mattis nibh ligula nec sem.',16);
INSERT INTO Curses(CurseID,Name,Effect,DangerLevel,Description,Countercurse) VALUES (17,'suspendisse','urna pretium nisl ut volutpat sapien arcu',6,'Quisque erat eros, viverra eget, congue eget, semper rutrum, nulla. Nunc purus.',16);
INSERT INTO Curses(CurseID,Name,Effect,DangerLevel,Description,Countercurse) VALUES (18,'vitae nisl aenean','ut at dolor quis odio',10,'Donec odio justo, sollicitudin ut, suscipit a, feugiat et, eros.',7);
INSERT INTO Curses(CurseID,Name,Effect,DangerLevel,Description,Countercurse) VALUES (19,'luctus','magna vulputate luctus cum sociis natoque',7,'Quisque arcu libero, rutrum ac, lobortis vel, dapibus at, diam.',10);
INSERT INTO Curses(CurseID,Name,Effect,DangerLevel,Description,Countercurse) VALUES (20,'vel pede morbi','duis aliquam convallis nunc proin at',8,'Aenean auctor gravida sem. Praesent id massa id nisl venenatis lacinia. Aenean sit amet justo. Morbi ut odio.',3);
INSERT INTO Curses(CurseID,Name,Effect,DangerLevel,Description,Countercurse) VALUES (21,'donec posuere','orci pede venenatis non sodales sed tincidunt eu felis fusce',8,'Nulla ut erat id mauris vulputate elementum. Nullam varius. Nulla facilisi. Cras non velit nec nisi vulputate nonummy.',3);
INSERT INTO Curses(CurseID,Name,Effect,DangerLevel,Description,Countercurse) VALUES (22,'velit id pretium','luctus nec molestie sed justo pellentesque viverra',10,'Nullam varius.',14);
INSERT INTO Curses(CurseID,Name,Effect,DangerLevel,Description,Countercurse) VALUES (23,'in hac','maecenas ut massa quis augue luctus tincidunt nulla mollis',8,'Morbi odio odio, elementum eu, interdum eu, tincidunt in, leo.',22);
INSERT INTO Curses(CurseID,Name,Effect,DangerLevel,Description,Countercurse) VALUES (24,'ac','in felis donec semper sapien',6,'Mauris lacinia sapien quis libero. Nullam sit amet turpis elementum ligula vehicula consequat. Morbi a ipsum.',8);
INSERT INTO Curses(CurseID,Name,Effect,DangerLevel,Description,Countercurse) VALUES (25,'enim leo','convallis eget eleifend luctus ultricies eu nibh quisque id',5,'Nulla nisl. Nunc nisl. Duis bibendum, felis sed interdum venenatis, turpis enim blandit mi, in porttitor pede justo eu massa. Donec dapibus.',20);
INSERT INTO Curses(CurseID,Name,Effect,DangerLevel,Description,Countercurse) VALUES (26,'ultrices','ac nulla sed vel enim',8,'Nullam porttitor lacus at turpis.',3);
INSERT INTO Curses(CurseID,Name,Effect,DangerLevel,Description,Countercurse) VALUES (27,'orci mauris lacinia','pulvinar lobortis est phasellus',3,'In congue. Etiam justo.',13);
INSERT INTO Curses(CurseID,Name,Effect,DangerLevel,Description,Countercurse) VALUES (28,'a','proin eu mi nulla ac enim in tempor turpis',6,'Maecenas leo odio, condimentum id, luctus nec, molestie sed, justo. Pellentesque viverra pede ac diam.',22);
INSERT INTO Curses(CurseID,Name,Effect,DangerLevel,Description,Countercurse) VALUES (29,'posuere','sed vestibulum sit amet cursus id turpis integer aliquet massa',2,'Quisque porta volutpat erat. Quisque erat eros, viverra eget, congue eget, semper rutrum, nulla. Nunc purus. Phasellus in felis.',18);
INSERT INTO Curses(CurseID,Name,Effect,DangerLevel,Description,Countercurse) VALUES (30,'mattis pulvinar nulla','viverra eget congue eget semper rutrum',4,'Quisque ut erat. Curabitur gravida nisi at nibh. In hac habitasse platea dictumst.',23);
INSERT INTO Curses(CurseID,Name,Effect,DangerLevel,Description,Countercurse) VALUES (31,'dapibus duis','nisi vulputate nonummy maecenas tincidunt lacus at velit vivamus',6,'Quisque ut erat. Curabitur gravida nisi at nibh. In hac habitasse platea dictumst.',17);
INSERT INTO Curses(CurseID,Name,Effect,DangerLevel,Description,Countercurse) VALUES (32,'tristique','posuere cubilia curae donec',7,'Sed ante. Vivamus tortor. Duis mattis egestas metus.',18);
INSERT INTO Curses(CurseID,Name,Effect,DangerLevel,Description,Countercurse) VALUES (33,'dui','fusce consequat nulla nisl nunc nisl duis',10,'Vivamus vestibulum sagittis sapien. Cum sociis natoque penatibus et magnis dis parturient montes, nascetur ridiculus mus. Etiam vel augue. Vestibulum rutrum rutrum neque.',1);
INSERT INTO Curses(CurseID,Name,Effect,DangerLevel,Description,Countercurse) VALUES (34,'pellentesque','fusce congue diam id ornare imperdiet sapien urna pretium',10,'In est risus, auctor sed, tristique in, tempus sit amet, sem.',22);
INSERT INTO Curses(CurseID,Name,Effect,DangerLevel,Description,Countercurse) VALUES (35,'penatibus','ligula vehicula consequat morbi',10,'Fusce congue, diam id ornare imperdiet, sapien urna pretium nisl, ut volutpat sapien arcu sed augue. Aliquam erat volutpat. In congue.',17);
INSERT INTO Curses(CurseID,Name,Effect,DangerLevel,Description,Countercurse) VALUES (36,'luctus cum','aliquet maecenas leo odio condimentum id',7,'Integer pede justo, lacinia eget, tincidunt eget, tempus vel, pede. Morbi porttitor lorem id ligula. Suspendisse ornare consequat lectus. In est risus, auctor sed, tristique in, tempus sit amet, sem.',7);
INSERT INTO Curses(CurseID,Name,Effect,DangerLevel,Description,Countercurse) VALUES (37,'ultrices mattis','sem duis aliquam convallis nunc proin at turpis',6,'In sagittis dui vel nisl. Duis ac nibh.',25);
INSERT INTO Curses(CurseID,Name,Effect,DangerLevel,Description,Countercurse) VALUES (38,'cursus vestibulum','vel augue vestibulum rutrum rutrum neque aenean auctor',4,'Etiam justo.',19);
INSERT INTO Curses(CurseID,Name,Effect,DangerLevel,Description,Countercurse) VALUES (39,'curabitur convallis','pede ac diam cras pellentesque volutpat dui maecenas tristique',4,'Phasellus sit amet erat. Nulla tempus. Vivamus in felis eu sapien cursus vestibulum.',6);
INSERT INTO Curses(CurseID,Name,Effect,DangerLevel,Description,Countercurse) VALUES (40,'dolor sit amet','nulla suscipit ligula in lacus curabitur',8,'Curabitur in libero ut massa volutpat convallis.',3);
INSERT INTO Curses(CurseID,Name,Effect,DangerLevel,Description,Countercurse) VALUES (41,'id luctus nec','ipsum primis in faucibus orci luctus et',2,'Proin leo odio, porttitor id, consequat in, consequat ut, nulla. Sed accumsan felis. Ut at dolor quis odio consequat varius. Integer ac leo.',20);
INSERT INTO Curses(CurseID,Name,Effect,DangerLevel,Description,Countercurse) VALUES (42,'nulla mollis molestie','vulputate luctus cum sociis',8,'Vivamus in felis eu sapien cursus vestibulum. Proin eu mi.',16);
INSERT INTO Curses(CurseID,Name,Effect,DangerLevel,Description,Countercurse) VALUES (43,'turpis adipiscing lorem','placerat ante nulla justo aliquam',7,'Sed ante.',10);
INSERT INTO Curses(CurseID,Name,Effect,DangerLevel,Description,Countercurse) VALUES (44,'tellus','lectus suspendisse potenti in eleifend',4,'Morbi ut odio. Cras mi pede, malesuada in, imperdiet et, commodo vulputate, justo.',15);
INSERT INTO Curses(CurseID,Name,Effect,DangerLevel,Description,Countercurse) VALUES (45,'orci vehicula','quis justo maecenas rhoncus aliquam lacus morbi',7,'Nulla tempus. Vivamus in felis eu sapien cursus vestibulum. Proin eu mi.',13);
INSERT INTO Curses(CurseID,Name,Effect,DangerLevel,Description,Countercurse) VALUES (46,'id nisl','tincidunt nulla mollis molestie',8,'Aenean lectus.',24);
INSERT INTO Curses(CurseID,Name,Effect,DangerLevel,Description,Countercurse) VALUES (47,'varius integer ac','non pretium quis lectus suspendisse potenti in eleifend quam',2,'Quisque erat eros, viverra eget, congue eget, semper rutrum, nulla.',14);
INSERT INTO Curses(CurseID,Name,Effect,DangerLevel,Description,Countercurse) VALUES (48,'orci luctus','a nibh in quis justo maecenas',8,'Morbi vel lectus in quam fringilla rhoncus. Mauris enim leo, rhoncus sed, vestibulum sit amet, cursus id, turpis.',2);
INSERT INTO Curses(CurseID,Name,Effect,DangerLevel,Description,Countercurse) VALUES (49,'vel','lacus morbi quis tortor',10,'Morbi vestibulum, velit id pretium iaculis, diam erat fermentum justo, nec condimentum neque sapien placerat ante. Nulla justo. Aliquam quis turpis eget elit sodales scelerisque.',8);
INSERT INTO Curses(CurseID,Name,Effect,DangerLevel,Description,Countercurse) VALUES (50,'eget semper','praesent blandit nam nulla integer pede justo lacinia eget tincidunt',9,'Donec semper sapien a libero. Nam dui. Proin leo odio, porttitor id, consequat in, consequat ut, nulla. Sed accumsan felis.',12);

-- populate Projects
INSERT INTO Projects(ProjectID,ProjectName) VALUES (1,'donec ut');
INSERT INTO Projects(ProjectID,ProjectName) VALUES (2,'faucibus');
INSERT INTO Projects(ProjectID,ProjectName) VALUES (3,'mattis');
INSERT INTO Projects(ProjectID,ProjectName) VALUES (4,'non sodales');
INSERT INTO Projects(ProjectID,ProjectName) VALUES (5,'ac');
INSERT INTO Projects(ProjectID,ProjectName) VALUES (6,'penatibus');
INSERT INTO Projects(ProjectID,ProjectName) VALUES (7,'fermentum');
INSERT INTO Projects(ProjectID,ProjectName) VALUES (8,'blandit ultrices');
INSERT INTO Projects(ProjectID,ProjectName) VALUES (9,'lacus');
INSERT INTO Projects(ProjectID,ProjectName) VALUES (10,'sit amet');

-- populate researchcurseIDs
INSERT INTO ResearchCurseIDs(ProjectID,ResearchCurseID) VALUES (7,22);
INSERT INTO ResearchCurseIDs(ProjectID,ResearchCurseID) VALUES (10,46);
INSERT INTO ResearchCurseIDs(ProjectID,ResearchCurseID) VALUES (9,1);
INSERT INTO ResearchCurseIDs(ProjectID,ResearchCurseID) VALUES (8,16);
INSERT INTO ResearchCurseIDs(ProjectID,ResearchCurseID) VALUES (1,44);
INSERT INTO ResearchCurseIDs(ProjectID,ResearchCurseID) VALUES (10,19);
INSERT INTO ResearchCurseIDs(ProjectID,ResearchCurseID) VALUES (8,14);
INSERT INTO ResearchCurseIDs(ProjectID,ResearchCurseID) VALUES (5,36);
INSERT INTO ResearchCurseIDs(ProjectID,ResearchCurseID) VALUES (5,3);
INSERT INTO ResearchCurseIDs(ProjectID,ResearchCurseID) VALUES (8,15);
INSERT INTO ResearchCurseIDs(ProjectID,ResearchCurseID) VALUES (6,35);
INSERT INTO ResearchCurseIDs(ProjectID,ResearchCurseID) VALUES (9,32);
INSERT INTO ResearchCurseIDs(ProjectID,ResearchCurseID) VALUES (10,38);
INSERT INTO ResearchCurseIDs(ProjectID,ResearchCurseID) VALUES (2,7);
INSERT INTO ResearchCurseIDs(ProjectID,ResearchCurseID) VALUES (8,16);
INSERT INTO ResearchCurseIDs(ProjectID,ResearchCurseID) VALUES (6,2);
INSERT INTO ResearchCurseIDs(ProjectID,ResearchCurseID) VALUES (9,8);
INSERT INTO ResearchCurseIDs(ProjectID,ResearchCurseID) VALUES (10,7);
INSERT INTO ResearchCurseIDs(ProjectID,ResearchCurseID) VALUES (7,10);
INSERT INTO ResearchCurseIDs(ProjectID,ResearchCurseID) VALUES (4,29);
INSERT INTO ResearchCurseIDs(ProjectID,ResearchCurseID) VALUES (7,11);
INSERT INTO ResearchCurseIDs(ProjectID,ResearchCurseID) VALUES (6,31);
INSERT INTO ResearchCurseIDs(ProjectID,ResearchCurseID) VALUES (5,34);
INSERT INTO ResearchCurseIDs(ProjectID,ResearchCurseID) VALUES (4,15);
INSERT INTO ResearchCurseIDs(ProjectID,ResearchCurseID) VALUES (6,42);
INSERT INTO ResearchCurseIDs(ProjectID,ResearchCurseID) VALUES (4,30);
INSERT INTO ResearchCurseIDs(ProjectID,ResearchCurseID) VALUES (2,32);
INSERT INTO ResearchCurseIDs(ProjectID,ResearchCurseID) VALUES (9,13);
INSERT INTO ResearchCurseIDs(ProjectID,ResearchCurseID) VALUES (8,33);
INSERT INTO ResearchCurseIDs(ProjectID,ResearchCurseID) VALUES (3,4);
INSERT INTO ResearchCurseIDs(ProjectID,ResearchCurseID) VALUES (10,16);
INSERT INTO ResearchCurseIDs(ProjectID,ResearchCurseID) VALUES (6,26);
INSERT INTO ResearchCurseIDs(ProjectID,ResearchCurseID) VALUES (1,44);
INSERT INTO ResearchCurseIDs(ProjectID,ResearchCurseID) VALUES (6,31);
INSERT INTO ResearchCurseIDs(ProjectID,ResearchCurseID) VALUES (10,48);
INSERT INTO ResearchCurseIDs(ProjectID,ResearchCurseID) VALUES (2,42);
INSERT INTO ResearchCurseIDs(ProjectID,ResearchCurseID) VALUES (8,15);
INSERT INTO ResearchCurseIDs(ProjectID,ResearchCurseID) VALUES (10,25);
INSERT INTO ResearchCurseIDs(ProjectID,ResearchCurseID) VALUES (3,21);
INSERT INTO ResearchCurseIDs(ProjectID,ResearchCurseID) VALUES (9,10);
INSERT INTO ResearchCurseIDs(ProjectID,ResearchCurseID) VALUES (6,5);
INSERT INTO ResearchCurseIDs(ProjectID,ResearchCurseID) VALUES (8,27);
INSERT INTO ResearchCurseIDs(ProjectID,ResearchCurseID) VALUES (4,14);
INSERT INTO ResearchCurseIDs(ProjectID,ResearchCurseID) VALUES (10,12);
INSERT INTO ResearchCurseIDs(ProjectID,ResearchCurseID) VALUES (8,23);
INSERT INTO ResearchCurseIDs(ProjectID,ResearchCurseID) VALUES (4,43);
INSERT INTO ResearchCurseIDs(ProjectID,ResearchCurseID) VALUES (3,26);
INSERT INTO ResearchCurseIDs(ProjectID,ResearchCurseID) VALUES (1,46);
INSERT INTO ResearchCurseIDs(ProjectID,ResearchCurseID) VALUES (5,3);
INSERT INTO ResearchCurseIDs(ProjectID,ResearchCurseID) VALUES (2,37);
INSERT INTO ResearchCurseIDs(ProjectID,ResearchCurseID) VALUES (6,34);
INSERT INTO ResearchCurseIDs(ProjectID,ResearchCurseID) VALUES (7,1);
INSERT INTO ResearchCurseIDs(ProjectID,ResearchCurseID) VALUES (7,8);
INSERT INTO ResearchCurseIDs(ProjectID,ResearchCurseID) VALUES (5,13);
INSERT INTO ResearchCurseIDs(ProjectID,ResearchCurseID) VALUES (1,9);
INSERT INTO ResearchCurseIDs(ProjectID,ResearchCurseID) VALUES (9,18);
INSERT INTO ResearchCurseIDs(ProjectID,ResearchCurseID) VALUES (2,48);
INSERT INTO ResearchCurseIDs(ProjectID,ResearchCurseID) VALUES (5,32);
INSERT INTO ResearchCurseIDs(ProjectID,ResearchCurseID) VALUES (1,9);
INSERT INTO ResearchCurseIDs(ProjectID,ResearchCurseID) VALUES (10,50);
INSERT INTO ResearchCurseIDs(ProjectID,ResearchCurseID) VALUES (8,28);
INSERT INTO ResearchCurseIDs(ProjectID,ResearchCurseID) VALUES (9,14);
INSERT INTO ResearchCurseIDs(ProjectID,ResearchCurseID) VALUES (7,49);
INSERT INTO ResearchCurseIDs(ProjectID,ResearchCurseID) VALUES (4,46);
INSERT INTO ResearchCurseIDs(ProjectID,ResearchCurseID) VALUES (10,34);
INSERT INTO ResearchCurseIDs(ProjectID,ResearchCurseID) VALUES (4,10);
INSERT INTO ResearchCurseIDs(ProjectID,ResearchCurseID) VALUES (9,1);
INSERT INTO ResearchCurseIDs(ProjectID,ResearchCurseID) VALUES (8,36);
INSERT INTO ResearchCurseIDs(ProjectID,ResearchCurseID) VALUES (2,6);
INSERT INTO ResearchCurseIDs(ProjectID,ResearchCurseID) VALUES (1,32);
INSERT INTO ResearchCurseIDs(ProjectID,ResearchCurseID) VALUES (4,26);
INSERT INTO ResearchCurseIDs(ProjectID,ResearchCurseID) VALUES (9,1);
INSERT INTO ResearchCurseIDs(ProjectID,ResearchCurseID) VALUES (10,15);
INSERT INTO ResearchCurseIDs(ProjectID,ResearchCurseID) VALUES (1,20);
INSERT INTO ResearchCurseIDs(ProjectID,ResearchCurseID) VALUES (5,48);
INSERT INTO ResearchCurseIDs(ProjectID,ResearchCurseID) VALUES (6,5);
INSERT INTO ResearchCurseIDs(ProjectID,ResearchCurseID) VALUES (10,16);
INSERT INTO ResearchCurseIDs(ProjectID,ResearchCurseID) VALUES (8,36);
INSERT INTO ResearchCurseIDs(ProjectID,ResearchCurseID) VALUES (9,41);
INSERT INTO ResearchCurseIDs(ProjectID,ResearchCurseID) VALUES (2,14);
INSERT INTO ResearchCurseIDs(ProjectID,ResearchCurseID) VALUES (5,16);
INSERT INTO ResearchCurseIDs(ProjectID,ResearchCurseID) VALUES (1,27);
INSERT INTO ResearchCurseIDs(ProjectID,ResearchCurseID) VALUES (7,18);
INSERT INTO ResearchCurseIDs(ProjectID,ResearchCurseID) VALUES (4,34);
INSERT INTO ResearchCurseIDs(ProjectID,ResearchCurseID) VALUES (7,48);
INSERT INTO ResearchCurseIDs(ProjectID,ResearchCurseID) VALUES (4,14);
INSERT INTO ResearchCurseIDs(ProjectID,ResearchCurseID) VALUES (1,28);
INSERT INTO ResearchCurseIDs(ProjectID,ResearchCurseID) VALUES (3,37);
INSERT INTO ResearchCurseIDs(ProjectID,ResearchCurseID) VALUES (4,13);
INSERT INTO ResearchCurseIDs(ProjectID,ResearchCurseID) VALUES (6,20);
INSERT INTO ResearchCurseIDs(ProjectID,ResearchCurseID) VALUES (10,14);
INSERT INTO ResearchCurseIDs(ProjectID,ResearchCurseID) VALUES (1,28);
INSERT INTO ResearchCurseIDs(ProjectID,ResearchCurseID) VALUES (9,13);
INSERT INTO ResearchCurseIDs(ProjectID,ResearchCurseID) VALUES (5,26);
INSERT INTO ResearchCurseIDs(ProjectID,ResearchCurseID) VALUES (2,41);
INSERT INTO ResearchCurseIDs(ProjectID,ResearchCurseID) VALUES (3,16);
INSERT INTO ResearchCurseIDs(ProjectID,ResearchCurseID) VALUES (7,29);
INSERT INTO ResearchCurseIDs(ProjectID,ResearchCurseID) VALUES (9,8);
INSERT INTO ResearchCurseIDs(ProjectID,ResearchCurseID) VALUES (5,15);
INSERT INTO ResearchCurseIDs(ProjectID,ResearchCurseID) VALUES (10,10);
INSERT INTO ResearchCurseIDs(ProjectID,ResearchCurseID) VALUES (6,22);
INSERT INTO ResearchCurseIDs(ProjectID,ResearchCurseID) VALUES (10,47);
INSERT INTO ResearchCurseIDs(ProjectID,ResearchCurseID) VALUES (7,43);
INSERT INTO ResearchCurseIDs(ProjectID,ResearchCurseID) VALUES (8,24);
INSERT INTO ResearchCurseIDs(ProjectID,ResearchCurseID) VALUES (1,18);
INSERT INTO ResearchCurseIDs(ProjectID,ResearchCurseID) VALUES (9,49);
INSERT INTO ResearchCurseIDs(ProjectID,ResearchCurseID) VALUES (6,46);
INSERT INTO ResearchCurseIDs(ProjectID,ResearchCurseID) VALUES (3,8);
INSERT INTO ResearchCurseIDs(ProjectID,ResearchCurseID) VALUES (4,2);
INSERT INTO ResearchCurseIDs(ProjectID,ResearchCurseID) VALUES (9,49);
INSERT INTO ResearchCurseIDs(ProjectID,ResearchCurseID) VALUES (1,23);
INSERT INTO ResearchCurseIDs(ProjectID,ResearchCurseID) VALUES (5,1);
INSERT INTO ResearchCurseIDs(ProjectID,ResearchCurseID) VALUES (9,37);
INSERT INTO ResearchCurseIDs(ProjectID,ResearchCurseID) VALUES (4,8);
INSERT INTO ResearchCurseIDs(ProjectID,ResearchCurseID) VALUES (2,46);
INSERT INTO ResearchCurseIDs(ProjectID,ResearchCurseID) VALUES (3,18);
INSERT INTO ResearchCurseIDs(ProjectID,ResearchCurseID) VALUES (2,26);
INSERT INTO ResearchCurseIDs(ProjectID,ResearchCurseID) VALUES (9,4);
INSERT INTO ResearchCurseIDs(ProjectID,ResearchCurseID) VALUES (7,5);
INSERT INTO ResearchCurseIDs(ProjectID,ResearchCurseID) VALUES (6,47);
INSERT INTO ResearchCurseIDs(ProjectID,ResearchCurseID) VALUES (2,12);
INSERT INTO ResearchCurseIDs(ProjectID,ResearchCurseID) VALUES (3,44);
INSERT INTO ResearchCurseIDs(ProjectID,ResearchCurseID) VALUES (5,41);
INSERT INTO ResearchCurseIDs(ProjectID,ResearchCurseID) VALUES (8,24);
INSERT INTO ResearchCurseIDs(ProjectID,ResearchCurseID) VALUES (7,11);
INSERT INTO ResearchCurseIDs(ProjectID,ResearchCurseID) VALUES (5,49);
INSERT INTO ResearchCurseIDs(ProjectID,ResearchCurseID) VALUES (4,22);
INSERT INTO ResearchCurseIDs(ProjectID,ResearchCurseID) VALUES (2,12);
INSERT INTO ResearchCurseIDs(ProjectID,ResearchCurseID) VALUES (9,18);
INSERT INTO ResearchCurseIDs(ProjectID,ResearchCurseID) VALUES (1,24);
INSERT INTO ResearchCurseIDs(ProjectID,ResearchCurseID) VALUES (10,27);
INSERT INTO ResearchCurseIDs(ProjectID,ResearchCurseID) VALUES (3,40);
INSERT INTO ResearchCurseIDs(ProjectID,ResearchCurseID) VALUES (6,15);
INSERT INTO ResearchCurseIDs(ProjectID,ResearchCurseID) VALUES (8,26);
INSERT INTO ResearchCurseIDs(ProjectID,ResearchCurseID) VALUES (4,47);
INSERT INTO ResearchCurseIDs(ProjectID,ResearchCurseID) VALUES (3,4);
INSERT INTO ResearchCurseIDs(ProjectID,ResearchCurseID) VALUES (7,16);
INSERT INTO ResearchCurseIDs(ProjectID,ResearchCurseID) VALUES (10,46);
INSERT INTO ResearchCurseIDs(ProjectID,ResearchCurseID) VALUES (8,30);
INSERT INTO ResearchCurseIDs(ProjectID,ResearchCurseID) VALUES (6,38);
INSERT INTO ResearchCurseIDs(ProjectID,ResearchCurseID) VALUES (1,1);
INSERT INTO ResearchCurseIDs(ProjectID,ResearchCurseID) VALUES (5,20);
INSERT INTO ResearchCurseIDs(ProjectID,ResearchCurseID) VALUES (9,35);
INSERT INTO ResearchCurseIDs(ProjectID,ResearchCurseID) VALUES (2,29);
INSERT INTO ResearchCurseIDs(ProjectID,ResearchCurseID) VALUES (8,33);
INSERT INTO ResearchCurseIDs(ProjectID,ResearchCurseID) VALUES (1,7);
INSERT INTO ResearchCurseIDs(ProjectID,ResearchCurseID) VALUES (6,10);
INSERT INTO ResearchCurseIDs(ProjectID,ResearchCurseID) VALUES (2,6);
INSERT INTO ResearchCurseIDs(ProjectID,ResearchCurseID) VALUES (4,5);
INSERT INTO ResearchCurseIDs(ProjectID,ResearchCurseID) VALUES (3,48);

-- populate ResearchCounterIDs
INSERT INTO ResearchCountercurseIDs(ProjectID,ResearchCountercurseID) VALUES (8,7);
INSERT INTO ResearchCountercurseIDs(ProjectID,ResearchCountercurseID) VALUES (2,5);
INSERT INTO ResearchCountercurseIDs(ProjectID,ResearchCountercurseID) VALUES (4,19);
INSERT INTO ResearchCountercurseIDs(ProjectID,ResearchCountercurseID) VALUES (9,1);
INSERT INTO ResearchCountercurseIDs(ProjectID,ResearchCountercurseID) VALUES (3,10);
INSERT INTO ResearchCountercurseIDs(ProjectID,ResearchCountercurseID) VALUES (4,4);
INSERT INTO ResearchCountercurseIDs(ProjectID,ResearchCountercurseID) VALUES (7,17);
INSERT INTO ResearchCountercurseIDs(ProjectID,ResearchCountercurseID) VALUES (6,13);
INSERT INTO ResearchCountercurseIDs(ProjectID,ResearchCountercurseID) VALUES (9,11);
INSERT INTO ResearchCountercurseIDs(ProjectID,ResearchCountercurseID) VALUES (8,24);
INSERT INTO ResearchCountercurseIDs(ProjectID,ResearchCountercurseID) VALUES (6,7);
INSERT INTO ResearchCountercurseIDs(ProjectID,ResearchCountercurseID) VALUES (7,22);
INSERT INTO ResearchCountercurseIDs(ProjectID,ResearchCountercurseID) VALUES (3,25);
INSERT INTO ResearchCountercurseIDs(ProjectID,ResearchCountercurseID) VALUES (1,1);
INSERT INTO ResearchCountercurseIDs(ProjectID,ResearchCountercurseID) VALUES (4,10);
INSERT INTO ResearchCountercurseIDs(ProjectID,ResearchCountercurseID) VALUES (5,20);
INSERT INTO ResearchCountercurseIDs(ProjectID,ResearchCountercurseID) VALUES (6,15);
INSERT INTO ResearchCountercurseIDs(ProjectID,ResearchCountercurseID) VALUES (5,14);
INSERT INTO ResearchCountercurseIDs(ProjectID,ResearchCountercurseID) VALUES (7,1);
INSERT INTO ResearchCountercurseIDs(ProjectID,ResearchCountercurseID) VALUES (9,21);
INSERT INTO ResearchCountercurseIDs(ProjectID,ResearchCountercurseID) VALUES (10,23);
INSERT INTO ResearchCountercurseIDs(ProjectID,ResearchCountercurseID) VALUES (6,18);
INSERT INTO ResearchCountercurseIDs(ProjectID,ResearchCountercurseID) VALUES (5,14);
INSERT INTO ResearchCountercurseIDs(ProjectID,ResearchCountercurseID) VALUES (1,15);
INSERT INTO ResearchCountercurseIDs(ProjectID,ResearchCountercurseID) VALUES (9,15);
INSERT INTO ResearchCountercurseIDs(ProjectID,ResearchCountercurseID) VALUES (1,4);
INSERT INTO ResearchCountercurseIDs(ProjectID,ResearchCountercurseID) VALUES (10,20);
INSERT INTO ResearchCountercurseIDs(ProjectID,ResearchCountercurseID) VALUES (5,21);
INSERT INTO ResearchCountercurseIDs(ProjectID,ResearchCountercurseID) VALUES (5,13);
INSERT INTO ResearchCountercurseIDs(ProjectID,ResearchCountercurseID) VALUES (9,24);
INSERT INTO ResearchCountercurseIDs(ProjectID,ResearchCountercurseID) VALUES (1,14);
INSERT INTO ResearchCountercurseIDs(ProjectID,ResearchCountercurseID) VALUES (2,17);
INSERT INTO ResearchCountercurseIDs(ProjectID,ResearchCountercurseID) VALUES (4,23);
INSERT INTO ResearchCountercurseIDs(ProjectID,ResearchCountercurseID) VALUES (6,5);
INSERT INTO ResearchCountercurseIDs(ProjectID,ResearchCountercurseID) VALUES (10,22);
INSERT INTO ResearchCountercurseIDs(ProjectID,ResearchCountercurseID) VALUES (7,18);
INSERT INTO ResearchCountercurseIDs(ProjectID,ResearchCountercurseID) VALUES (5,11);
INSERT INTO ResearchCountercurseIDs(ProjectID,ResearchCountercurseID) VALUES (4,8);
INSERT INTO ResearchCountercurseIDs(ProjectID,ResearchCountercurseID) VALUES (7,17);
INSERT INTO ResearchCountercurseIDs(ProjectID,ResearchCountercurseID) VALUES (1,6);
INSERT INTO ResearchCountercurseIDs(ProjectID,ResearchCountercurseID) VALUES (10,2);
INSERT INTO ResearchCountercurseIDs(ProjectID,ResearchCountercurseID) VALUES (5,3);
INSERT INTO ResearchCountercurseIDs(ProjectID,ResearchCountercurseID) VALUES (3,17);
INSERT INTO ResearchCountercurseIDs(ProjectID,ResearchCountercurseID) VALUES (1,22);
INSERT INTO ResearchCountercurseIDs(ProjectID,ResearchCountercurseID) VALUES (8,10);
INSERT INTO ResearchCountercurseIDs(ProjectID,ResearchCountercurseID) VALUES (6,8);
INSERT INTO ResearchCountercurseIDs(ProjectID,ResearchCountercurseID) VALUES (5,9);
INSERT INTO ResearchCountercurseIDs(ProjectID,ResearchCountercurseID) VALUES (2,17);
INSERT INTO ResearchCountercurseIDs(ProjectID,ResearchCountercurseID) VALUES (9,6);
INSERT INTO ResearchCountercurseIDs(ProjectID,ResearchCountercurseID) VALUES (2,22);
INSERT INTO ResearchCountercurseIDs(ProjectID,ResearchCountercurseID) VALUES (10,17);
INSERT INTO ResearchCountercurseIDs(ProjectID,ResearchCountercurseID) VALUES (7,25);
INSERT INTO ResearchCountercurseIDs(ProjectID,ResearchCountercurseID) VALUES (9,14);
INSERT INTO ResearchCountercurseIDs(ProjectID,ResearchCountercurseID) VALUES (8,9);
INSERT INTO ResearchCountercurseIDs(ProjectID,ResearchCountercurseID) VALUES (7,12);
INSERT INTO ResearchCountercurseIDs(ProjectID,ResearchCountercurseID) VALUES (5,20);
INSERT INTO ResearchCountercurseIDs(ProjectID,ResearchCountercurseID) VALUES (8,7);
INSERT INTO ResearchCountercurseIDs(ProjectID,ResearchCountercurseID) VALUES (9,9);
INSERT INTO ResearchCountercurseIDs(ProjectID,ResearchCountercurseID) VALUES (1,12);
INSERT INTO ResearchCountercurseIDs(ProjectID,ResearchCountercurseID) VALUES (4,25);
INSERT INTO ResearchCountercurseIDs(ProjectID,ResearchCountercurseID) VALUES (8,12);
INSERT INTO ResearchCountercurseIDs(ProjectID,ResearchCountercurseID) VALUES (2,23);
INSERT INTO ResearchCountercurseIDs(ProjectID,ResearchCountercurseID) VALUES (5,8);
INSERT INTO ResearchCountercurseIDs(ProjectID,ResearchCountercurseID) VALUES (6,16);
INSERT INTO ResearchCountercurseIDs(ProjectID,ResearchCountercurseID) VALUES (1,19);
INSERT INTO ResearchCountercurseIDs(ProjectID,ResearchCountercurseID) VALUES (6,4);
INSERT INTO ResearchCountercurseIDs(ProjectID,ResearchCountercurseID) VALUES (5,13);
INSERT INTO ResearchCountercurseIDs(ProjectID,ResearchCountercurseID) VALUES (7,8);
INSERT INTO ResearchCountercurseIDs(ProjectID,ResearchCountercurseID) VALUES (9,14);
INSERT INTO ResearchCountercurseIDs(ProjectID,ResearchCountercurseID) VALUES (8,15);
INSERT INTO ResearchCountercurseIDs(ProjectID,ResearchCountercurseID) VALUES (2,4);
INSERT INTO ResearchCountercurseIDs(ProjectID,ResearchCountercurseID) VALUES (4,2);
INSERT INTO ResearchCountercurseIDs(ProjectID,ResearchCountercurseID) VALUES (1,24);
INSERT INTO ResearchCountercurseIDs(ProjectID,ResearchCountercurseID) VALUES (9,8);
INSERT INTO ResearchCountercurseIDs(ProjectID,ResearchCountercurseID) VALUES (7,23);
INSERT INTO ResearchCountercurseIDs(ProjectID,ResearchCountercurseID) VALUES (5,13);
INSERT INTO ResearchCountercurseIDs(ProjectID,ResearchCountercurseID) VALUES (5,17);
INSERT INTO ResearchCountercurseIDs(ProjectID,ResearchCountercurseID) VALUES (9,2);
INSERT INTO ResearchCountercurseIDs(ProjectID,ResearchCountercurseID) VALUES (3,21);
INSERT INTO ResearchCountercurseIDs(ProjectID,ResearchCountercurseID) VALUES (4,9);
INSERT INTO ResearchCountercurseIDs(ProjectID,ResearchCountercurseID) VALUES (5,6);
INSERT INTO ResearchCountercurseIDs(ProjectID,ResearchCountercurseID) VALUES (7,19);
INSERT INTO ResearchCountercurseIDs(ProjectID,ResearchCountercurseID) VALUES (8,12);
INSERT INTO ResearchCountercurseIDs(ProjectID,ResearchCountercurseID) VALUES (1,18);
INSERT INTO ResearchCountercurseIDs(ProjectID,ResearchCountercurseID) VALUES (10,17);
INSERT INTO ResearchCountercurseIDs(ProjectID,ResearchCountercurseID) VALUES (6,8);
INSERT INTO ResearchCountercurseIDs(ProjectID,ResearchCountercurseID) VALUES (2,14);
INSERT INTO ResearchCountercurseIDs(ProjectID,ResearchCountercurseID) VALUES (7,20);
INSERT INTO ResearchCountercurseIDs(ProjectID,ResearchCountercurseID) VALUES (5,2);
INSERT INTO ResearchCountercurseIDs(ProjectID,ResearchCountercurseID) VALUES (10,16);
INSERT INTO ResearchCountercurseIDs(ProjectID,ResearchCountercurseID) VALUES (4,19);
INSERT INTO ResearchCountercurseIDs(ProjectID,ResearchCountercurseID) VALUES (3,11);
INSERT INTO ResearchCountercurseIDs(ProjectID,ResearchCountercurseID) VALUES (10,23);
INSERT INTO ResearchCountercurseIDs(ProjectID,ResearchCountercurseID) VALUES (5,12);
INSERT INTO ResearchCountercurseIDs(ProjectID,ResearchCountercurseID) VALUES (4,4);
INSERT INTO ResearchCountercurseIDs(ProjectID,ResearchCountercurseID) VALUES (9,15);
INSERT INTO ResearchCountercurseIDs(ProjectID,ResearchCountercurseID) VALUES (9,23);
INSERT INTO ResearchCountercurseIDs(ProjectID,ResearchCountercurseID) VALUES (8,7);
INSERT INTO ResearchCountercurseIDs(ProjectID,ResearchCountercurseID) VALUES (5,21);
INSERT INTO ResearchCountercurseIDs(ProjectID,ResearchCountercurseID) VALUES (7,18);
INSERT INTO ResearchCountercurseIDs(ProjectID,ResearchCountercurseID) VALUES (3,15);
INSERT INTO ResearchCountercurseIDs(ProjectID,ResearchCountercurseID) VALUES (4,13);
INSERT INTO ResearchCountercurseIDs(ProjectID,ResearchCountercurseID) VALUES (5,17);
INSERT INTO ResearchCountercurseIDs(ProjectID,ResearchCountercurseID) VALUES (1,1);
INSERT INTO ResearchCountercurseIDs(ProjectID,ResearchCountercurseID) VALUES (7,9);
INSERT INTO ResearchCountercurseIDs(ProjectID,ResearchCountercurseID) VALUES (4,17);
INSERT INTO ResearchCountercurseIDs(ProjectID,ResearchCountercurseID) VALUES (1,1);
INSERT INTO ResearchCountercurseIDs(ProjectID,ResearchCountercurseID) VALUES (8,10);
INSERT INTO ResearchCountercurseIDs(ProjectID,ResearchCountercurseID) VALUES (4,11);
INSERT INTO ResearchCountercurseIDs(ProjectID,ResearchCountercurseID) VALUES (6,7);
INSERT INTO ResearchCountercurseIDs(ProjectID,ResearchCountercurseID) VALUES (5,18);
INSERT INTO ResearchCountercurseIDs(ProjectID,ResearchCountercurseID) VALUES (8,3);
INSERT INTO ResearchCountercurseIDs(ProjectID,ResearchCountercurseID) VALUES (1,20);
INSERT INTO ResearchCountercurseIDs(ProjectID,ResearchCountercurseID) VALUES (7,8);
INSERT INTO ResearchCountercurseIDs(ProjectID,ResearchCountercurseID) VALUES (4,19);
INSERT INTO ResearchCountercurseIDs(ProjectID,ResearchCountercurseID) VALUES (3,3);
INSERT INTO ResearchCountercurseIDs(ProjectID,ResearchCountercurseID) VALUES (8,2);
INSERT INTO ResearchCountercurseIDs(ProjectID,ResearchCountercurseID) VALUES (4,5);
INSERT INTO ResearchCountercurseIDs(ProjectID,ResearchCountercurseID) VALUES (2,3);
INSERT INTO ResearchCountercurseIDs(ProjectID,ResearchCountercurseID) VALUES (5,14);
INSERT INTO ResearchCountercurseIDs(ProjectID,ResearchCountercurseID) VALUES (7,8);
INSERT INTO ResearchCountercurseIDs(ProjectID,ResearchCountercurseID) VALUES (5,25);
INSERT INTO ResearchCountercurseIDs(ProjectID,ResearchCountercurseID) VALUES (9,18);
INSERT INTO ResearchCountercurseIDs(ProjectID,ResearchCountercurseID) VALUES (8,9);
INSERT INTO ResearchCountercurseIDs(ProjectID,ResearchCountercurseID) VALUES (8,20);
INSERT INTO ResearchCountercurseIDs(ProjectID,ResearchCountercurseID) VALUES (6,19);
INSERT INTO ResearchCountercurseIDs(ProjectID,ResearchCountercurseID) VALUES (9,18);
INSERT INTO ResearchCountercurseIDs(ProjectID,ResearchCountercurseID) VALUES (7,21);
INSERT INTO ResearchCountercurseIDs(ProjectID,ResearchCountercurseID) VALUES (2,15);
INSERT INTO ResearchCountercurseIDs(ProjectID,ResearchCountercurseID) VALUES (5,4);
INSERT INTO ResearchCountercurseIDs(ProjectID,ResearchCountercurseID) VALUES (4,3);
INSERT INTO ResearchCountercurseIDs(ProjectID,ResearchCountercurseID) VALUES (1,9);
INSERT INTO ResearchCountercurseIDs(ProjectID,ResearchCountercurseID) VALUES (3,13);
INSERT INTO ResearchCountercurseIDs(ProjectID,ResearchCountercurseID) VALUES (10,11);
INSERT INTO ResearchCountercurseIDs(ProjectID,ResearchCountercurseID) VALUES (3,14);
INSERT INTO ResearchCountercurseIDs(ProjectID,ResearchCountercurseID) VALUES (6,23);
INSERT INTO ResearchCountercurseIDs(ProjectID,ResearchCountercurseID) VALUES (5,22);
INSERT INTO ResearchCountercurseIDs(ProjectID,ResearchCountercurseID) VALUES (4,8);
INSERT INTO ResearchCountercurseIDs(ProjectID,ResearchCountercurseID) VALUES (1,7);
INSERT INTO ResearchCountercurseIDs(ProjectID,ResearchCountercurseID) VALUES (7,16);
INSERT INTO ResearchCountercurseIDs(ProjectID,ResearchCountercurseID) VALUES (9,5);
INSERT INTO ResearchCountercurseIDs(ProjectID,ResearchCountercurseID) VALUES (8,17);
INSERT INTO ResearchCountercurseIDs(ProjectID,ResearchCountercurseID) VALUES (10,24);
INSERT INTO ResearchCountercurseIDs(ProjectID,ResearchCountercurseID) VALUES (2,2);
INSERT INTO ResearchCountercurseIDs(ProjectID,ResearchCountercurseID) VALUES (3,1);
INSERT INTO ResearchCountercurseIDs(ProjectID,ResearchCountercurseID) VALUES (5,12);
INSERT INTO ResearchCountercurseIDs(ProjectID,ResearchCountercurseID) VALUES (1,6);
INSERT INTO ResearchCountercurseIDs(ProjectID,ResearchCountercurseID) VALUES (6,10);
INSERT INTO ResearchCountercurseIDs(ProjectID,ResearchCountercurseID) VALUES (9,25);
INSERT INTO ResearchCountercurseIDs(ProjectID,ResearchCountercurseID) VALUES (8,9);

-- populate Employees_Projects
INSERT INTO Employees_Projects(EmployeeID,ProjectID,DateStarted,DateLeft) VALUES ('22-7682290',5,'2016-10-06',NULL);
INSERT INTO Employees_Projects(EmployeeID,ProjectID,DateStarted,DateLeft) VALUES ('05-9281379',2,'2016-08-12','2018-06-27');
INSERT INTO Employees_Projects(EmployeeID,ProjectID,DateStarted,DateLeft) VALUES ('27-8122552',1,'2018-02-16',NULL);
INSERT INTO Employees_Projects(EmployeeID,ProjectID,DateStarted,DateLeft) VALUES ('93-5220824',2,'2021-06-14',NULL);
INSERT INTO Employees_Projects(EmployeeID,ProjectID,DateStarted,DateLeft) VALUES ('36-2145247',4,'2018-02-08',NULL);
INSERT INTO Employees_Projects(EmployeeID,ProjectID,DateStarted,DateLeft) VALUES ('05-9281379',4,'2021-11-14','2023-01-26');
INSERT INTO Employees_Projects(EmployeeID,ProjectID,DateStarted,DateLeft) VALUES ('69-9240147',7,'2021-12-12',NULL);
INSERT INTO Employees_Projects(EmployeeID,ProjectID,DateStarted,DateLeft) VALUES ('27-8122552',4,'2020-04-12',NULL);
INSERT INTO Employees_Projects(EmployeeID,ProjectID,DateStarted,DateLeft) VALUES ('26-5952292',8,'2018-05-21',NULL);
INSERT INTO Employees_Projects(EmployeeID,ProjectID,DateStarted,DateLeft) VALUES ('76-8609076',10,'2022-01-09','2023-12-13');
INSERT INTO Employees_Projects(EmployeeID,ProjectID,DateStarted,DateLeft) VALUES ('36-2145247',9,'2019-06-21','2022-02-22');
INSERT INTO Employees_Projects(EmployeeID,ProjectID,DateStarted,DateLeft) VALUES ('31-7904652',10,'2016-05-15','2017-04-30');
INSERT INTO Employees_Projects(EmployeeID,ProjectID,DateStarted,DateLeft) VALUES ('87-4548130',2,'2019-10-13',NULL);
INSERT INTO Employees_Projects(EmployeeID,ProjectID,DateStarted,DateLeft) VALUES ('26-5952292',7,'2016-04-13','2016-08-24');
INSERT INTO Employees_Projects(EmployeeID,ProjectID,DateStarted,DateLeft) VALUES ('05-9281379',9,'2016-10-29','2018-12-20');
INSERT INTO Employees_Projects(EmployeeID,ProjectID,DateStarted,DateLeft) VALUES ('69-9240147',7,'2019-04-21',NULL);
INSERT INTO Employees_Projects(EmployeeID,ProjectID,DateStarted,DateLeft) VALUES ('93-5220824',1,'2016-06-08',NULL);
INSERT INTO Employees_Projects(EmployeeID,ProjectID,DateStarted,DateLeft) VALUES ('45-2574246',4,'2018-04-21','2020-03-15');
INSERT INTO Employees_Projects(EmployeeID,ProjectID,DateStarted,DateLeft) VALUES ('64-9534832',8,'2020-08-04','2023-03-05');
INSERT INTO Employees_Projects(EmployeeID,ProjectID,DateStarted,DateLeft) VALUES ('22-7682290',8,'2019-04-03','2020-05-15');
INSERT INTO Employees_Projects(EmployeeID,ProjectID,DateStarted,DateLeft) VALUES ('05-9281379',6,'2021-08-09','2022-05-29');
INSERT INTO Employees_Projects(EmployeeID,ProjectID,DateStarted,DateLeft) VALUES ('26-5952292',2,'2016-11-17','2017-08-21');
INSERT INTO Employees_Projects(EmployeeID,ProjectID,DateStarted,DateLeft) VALUES ('87-4548130',5,'2017-06-25','2018-07-15');
INSERT INTO Employees_Projects(EmployeeID,ProjectID,DateStarted,DateLeft) VALUES ('36-2145247',2,'2020-12-25','2023-11-30');
INSERT INTO Employees_Projects(EmployeeID,ProjectID,DateStarted,DateLeft) VALUES ('26-5952292',4,'2018-05-29',NULL);
INSERT INTO Employees_Projects(EmployeeID,ProjectID,DateStarted,DateLeft) VALUES ('16-8760764',10,'2019-10-09','2020-03-27');
INSERT INTO Employees_Projects(EmployeeID,ProjectID,DateStarted,DateLeft) VALUES ('93-5220824',8,'2018-05-11',NULL);
INSERT INTO Employees_Projects(EmployeeID,ProjectID,DateStarted,DateLeft) VALUES ('87-4548130',1,'2017-01-12',NULL);
INSERT INTO Employees_Projects(EmployeeID,ProjectID,DateStarted,DateLeft) VALUES ('45-2574246',1,'2016-09-28','2018-07-25');
INSERT INTO Employees_Projects(EmployeeID,ProjectID,DateStarted,DateLeft) VALUES ('00-3523643',6,'2021-05-17','2023-09-10');
INSERT INTO Employees_Projects(EmployeeID,ProjectID,DateStarted,DateLeft) VALUES ('45-2574246',1,'2020-06-06',NULL);
INSERT INTO Employees_Projects(EmployeeID,ProjectID,DateStarted,DateLeft) VALUES ('45-2574246',9,'2019-08-31','2022-02-25');
INSERT INTO Employees_Projects(EmployeeID,ProjectID,DateStarted,DateLeft) VALUES ('16-8760764',10,'2020-05-25','2023-03-20');
INSERT INTO Employees_Projects(EmployeeID,ProjectID,DateStarted,DateLeft) VALUES ('31-7904652',2,'2019-09-07',NULL);
INSERT INTO Employees_Projects(EmployeeID,ProjectID,DateStarted,DateLeft) VALUES ('87-4548130',5,'2020-06-21','2021-08-02');
INSERT INTO Employees_Projects(EmployeeID,ProjectID,DateStarted,DateLeft) VALUES ('05-9281379',1,'2020-06-18',NULL);
INSERT INTO Employees_Projects(EmployeeID,ProjectID,DateStarted,DateLeft) VALUES ('45-2574246',8,'2020-03-28',NULL);
INSERT INTO Employees_Projects(EmployeeID,ProjectID,DateStarted,DateLeft) VALUES ('16-8760764',6,'2021-04-24','2024-02-07');
INSERT INTO Employees_Projects(EmployeeID,ProjectID,DateStarted,DateLeft) VALUES ('27-8122552',3,'2017-09-15',NULL);
INSERT INTO Employees_Projects(EmployeeID,ProjectID,DateStarted,DateLeft) VALUES ('22-7682290',4,'2019-11-19',NULL);
INSERT INTO Employees_Projects(EmployeeID,ProjectID,DateStarted,DateLeft) VALUES ('22-7682290',7,'2017-07-25',NULL);
INSERT INTO Employees_Projects(EmployeeID,ProjectID,DateStarted,DateLeft) VALUES ('45-2574246',5,'2020-09-23','2022-12-29');
INSERT INTO Employees_Projects(EmployeeID,ProjectID,DateStarted,DateLeft) VALUES ('27-8122552',8,'2019-05-15',NULL);
INSERT INTO Employees_Projects(EmployeeID,ProjectID,DateStarted,DateLeft) VALUES ('05-9281379',2,'2020-08-08','2021-05-03');
INSERT INTO Employees_Projects(EmployeeID,ProjectID,DateStarted,DateLeft) VALUES ('93-5220824',9,'2020-04-02',NULL);
INSERT INTO Employees_Projects(EmployeeID,ProjectID,DateStarted,DateLeft) VALUES ('26-5952292',1,'2020-02-14',NULL);
INSERT INTO Employees_Projects(EmployeeID,ProjectID,DateStarted,DateLeft) VALUES ('00-3523643',6,'2017-07-28','2017-12-26');
INSERT INTO Employees_Projects(EmployeeID,ProjectID,DateStarted,DateLeft) VALUES ('36-2145247',10,'2017-09-28','2018-10-27');
INSERT INTO Employees_Projects(EmployeeID,ProjectID,DateStarted,DateLeft) VALUES ('31-7904652',7,'2019-05-12','2021-07-03');
INSERT INTO Employees_Projects(EmployeeID,ProjectID,DateStarted,DateLeft) VALUES ('00-3523643',4,'2016-04-11','2017-05-24');
INSERT INTO Employees_Projects(EmployeeID,ProjectID,DateStarted,DateLeft) VALUES ('05-9281379',3,'2020-12-01','2023-11-23');
INSERT INTO Employees_Projects(EmployeeID,ProjectID,DateStarted,DateLeft) VALUES ('00-3523643',3,'2020-07-13',NULL);
INSERT INTO Employees_Projects(EmployeeID,ProjectID,DateStarted,DateLeft) VALUES ('93-5220824',5,'2017-08-10','2019-04-04');
INSERT INTO Employees_Projects(EmployeeID,ProjectID,DateStarted,DateLeft) VALUES ('69-9240147',9,'2017-07-20','2018-08-03');
INSERT INTO Employees_Projects(EmployeeID,ProjectID,DateStarted,DateLeft) VALUES ('27-8122552',10,'2016-05-16','2017-10-17');
INSERT INTO Employees_Projects(EmployeeID,ProjectID,DateStarted,DateLeft) VALUES ('87-4548130',8,'2019-05-20',NULL);
INSERT INTO Employees_Projects(EmployeeID,ProjectID,DateStarted,DateLeft) VALUES ('05-9281379',1,'2017-11-07',NULL);
INSERT INTO Employees_Projects(EmployeeID,ProjectID,DateStarted,DateLeft) VALUES ('76-8609076',2,'2021-04-23','2023-05-22');
INSERT INTO Employees_Projects(EmployeeID,ProjectID,DateStarted,DateLeft) VALUES ('76-8609076',6,'2021-06-04','2021-07-17');
INSERT INTO Employees_Projects(EmployeeID,ProjectID,DateStarted,DateLeft) VALUES ('26-5952292',7,'2018-06-15','2021-05-02');

-- populate Inventory_Curses
INSERT INTO Inventory_Curses(CopyID,CurseID) VALUES (86,42);
INSERT INTO Inventory_Curses(CopyID,CurseID) VALUES (89,34);
INSERT INTO Inventory_Curses(CopyID,CurseID) VALUES (51,27);
INSERT INTO Inventory_Curses(CopyID,CurseID) VALUES (298,14);
INSERT INTO Inventory_Curses(CopyID,CurseID) VALUES (245,19);
INSERT INTO Inventory_Curses(CopyID,CurseID) VALUES (226,23);
INSERT INTO Inventory_Curses(CopyID,CurseID) VALUES (53,16);
INSERT INTO Inventory_Curses(CopyID,CurseID) VALUES (218,17);
INSERT INTO Inventory_Curses(CopyID,CurseID) VALUES (59,6);
INSERT INTO Inventory_Curses(CopyID,CurseID) VALUES (207,26);
INSERT INTO Inventory_Curses(CopyID,CurseID) VALUES (60,12);
INSERT INTO Inventory_Curses(CopyID,CurseID) VALUES (282,2);
INSERT INTO Inventory_Curses(CopyID,CurseID) VALUES (380,18);
INSERT INTO Inventory_Curses(CopyID,CurseID) VALUES (6,10);
INSERT INTO Inventory_Curses(CopyID,CurseID) VALUES (81,6);
INSERT INTO Inventory_Curses(CopyID,CurseID) VALUES (89,5);
INSERT INTO Inventory_Curses(CopyID,CurseID) VALUES (163,36);
INSERT INTO Inventory_Curses(CopyID,CurseID) VALUES (51,48);
INSERT INTO Inventory_Curses(CopyID,CurseID) VALUES (371,33);
INSERT INTO Inventory_Curses(CopyID,CurseID) VALUES (55,46);
INSERT INTO Inventory_Curses(CopyID,CurseID) VALUES (259,13);
INSERT INTO Inventory_Curses(CopyID,CurseID) VALUES (245,11);
INSERT INTO Inventory_Curses(CopyID,CurseID) VALUES (219,43);
INSERT INTO Inventory_Curses(CopyID,CurseID) VALUES (214,9);
INSERT INTO Inventory_Curses(CopyID,CurseID) VALUES (100,38);
INSERT INTO Inventory_Curses(CopyID,CurseID) VALUES (261,39);
INSERT INTO Inventory_Curses(CopyID,CurseID) VALUES (86,27);
INSERT INTO Inventory_Curses(CopyID,CurseID) VALUES (99,42);
INSERT INTO Inventory_Curses(CopyID,CurseID) VALUES (21,32);
INSERT INTO Inventory_Curses(CopyID,CurseID) VALUES (371,12);
INSERT INTO Inventory_Curses(CopyID,CurseID) VALUES (377,9);
INSERT INTO Inventory_Curses(CopyID,CurseID) VALUES (61,35);
INSERT INTO Inventory_Curses(CopyID,CurseID) VALUES (209,44);
INSERT INTO Inventory_Curses(CopyID,CurseID) VALUES (278,30);
INSERT INTO Inventory_Curses(CopyID,CurseID) VALUES (26,14);
INSERT INTO Inventory_Curses(CopyID,CurseID) VALUES (332,31);
INSERT INTO Inventory_Curses(CopyID,CurseID) VALUES (243,45);
INSERT INTO Inventory_Curses(CopyID,CurseID) VALUES (267,28);
INSERT INTO Inventory_Curses(CopyID,CurseID) VALUES (399,2);
INSERT INTO Inventory_Curses(CopyID,CurseID) VALUES (378,43);
INSERT INTO Inventory_Curses(CopyID,CurseID) VALUES (135,17);
INSERT INTO Inventory_Curses(CopyID,CurseID) VALUES (120,13);
INSERT INTO Inventory_Curses(CopyID,CurseID) VALUES (227,27);
INSERT INTO Inventory_Curses(CopyID,CurseID) VALUES (43,39);
INSERT INTO Inventory_Curses(CopyID,CurseID) VALUES (110,1);
INSERT INTO Inventory_Curses(CopyID,CurseID) VALUES (204,40);
INSERT INTO Inventory_Curses(CopyID,CurseID) VALUES (376,17);
INSERT INTO Inventory_Curses(CopyID,CurseID) VALUES (313,36);
INSERT INTO Inventory_Curses(CopyID,CurseID) VALUES (292,26);
INSERT INTO Inventory_Curses(CopyID,CurseID) VALUES (306,20);
INSERT INTO Inventory_Curses(CopyID,CurseID) VALUES (368,45);
INSERT INTO Inventory_Curses(CopyID,CurseID) VALUES (357,27);
INSERT INTO Inventory_Curses(CopyID,CurseID) VALUES (334,41);
INSERT INTO Inventory_Curses(CopyID,CurseID) VALUES (67,31);
INSERT INTO Inventory_Curses(CopyID,CurseID) VALUES (367,35);
INSERT INTO Inventory_Curses(CopyID,CurseID) VALUES (215,16);
INSERT INTO Inventory_Curses(CopyID,CurseID) VALUES (82,33);
INSERT INTO Inventory_Curses(CopyID,CurseID) VALUES (63,11);
INSERT INTO Inventory_Curses(CopyID,CurseID) VALUES (17,40);
INSERT INTO Inventory_Curses(CopyID,CurseID) VALUES (60,49);
INSERT INTO Inventory_Curses(CopyID,CurseID) VALUES (268,24);
INSERT INTO Inventory_Curses(CopyID,CurseID) VALUES (50,26);
INSERT INTO Inventory_Curses(CopyID,CurseID) VALUES (16,15);
INSERT INTO Inventory_Curses(CopyID,CurseID) VALUES (281,30);
INSERT INTO Inventory_Curses(CopyID,CurseID) VALUES (180,45);
INSERT INTO Inventory_Curses(CopyID,CurseID) VALUES (380,46);
INSERT INTO Inventory_Curses(CopyID,CurseID) VALUES (275,43);
INSERT INTO Inventory_Curses(CopyID,CurseID) VALUES (315,27);
INSERT INTO Inventory_Curses(CopyID,CurseID) VALUES (359,1);
INSERT INTO Inventory_Curses(CopyID,CurseID) VALUES (278,5);
INSERT INTO Inventory_Curses(CopyID,CurseID) VALUES (176,38);
INSERT INTO Inventory_Curses(CopyID,CurseID) VALUES (258,29);
INSERT INTO Inventory_Curses(CopyID,CurseID) VALUES (228,25);
INSERT INTO Inventory_Curses(CopyID,CurseID) VALUES (81,41);
INSERT INTO Inventory_Curses(CopyID,CurseID) VALUES (21,10);
INSERT INTO Inventory_Curses(CopyID,CurseID) VALUES (215,4);
INSERT INTO Inventory_Curses(CopyID,CurseID) VALUES (72,34);
INSERT INTO Inventory_Curses(CopyID,CurseID) VALUES (243,26);
INSERT INTO Inventory_Curses(CopyID,CurseID) VALUES (225,48);
INSERT INTO Inventory_Curses(CopyID,CurseID) VALUES (359,39);
INSERT INTO Inventory_Curses(CopyID,CurseID) VALUES (137,24);
INSERT INTO Inventory_Curses(CopyID,CurseID) VALUES (335,32);
INSERT INTO Inventory_Curses(CopyID,CurseID) VALUES (337,23);
INSERT INTO Inventory_Curses(CopyID,CurseID) VALUES (232,17);
INSERT INTO Inventory_Curses(CopyID,CurseID) VALUES (118,42);
INSERT INTO Inventory_Curses(CopyID,CurseID) VALUES (220,36);
INSERT INTO Inventory_Curses(CopyID,CurseID) VALUES (35,7);
INSERT INTO Inventory_Curses(CopyID,CurseID) VALUES (1,35);
INSERT INTO Inventory_Curses(CopyID,CurseID) VALUES (177,34);
INSERT INTO Inventory_Curses(CopyID,CurseID) VALUES (187,19);
INSERT INTO Inventory_Curses(CopyID,CurseID) VALUES (31,31);
INSERT INTO Inventory_Curses(CopyID,CurseID) VALUES (218,44);
INSERT INTO Inventory_Curses(CopyID,CurseID) VALUES (5,42);
INSERT INTO Inventory_Curses(CopyID,CurseID) VALUES (170,19);
INSERT INTO Inventory_Curses(CopyID,CurseID) VALUES (221,29);
INSERT INTO Inventory_Curses(CopyID,CurseID) VALUES (299,45);
INSERT INTO Inventory_Curses(CopyID,CurseID) VALUES (384,41);
INSERT INTO Inventory_Curses(CopyID,CurseID) VALUES (29,9);
INSERT INTO Inventory_Curses(CopyID,CurseID) VALUES (190,39);
INSERT INTO Inventory_Curses(CopyID,CurseID) VALUES (11,46);
INSERT INTO Inventory_Curses(CopyID,CurseID) VALUES (248,29);
INSERT INTO Inventory_Curses(CopyID,CurseID) VALUES (393,23);
INSERT INTO Inventory_Curses(CopyID,CurseID) VALUES (285,43);
INSERT INTO Inventory_Curses(CopyID,CurseID) VALUES (190,13);
INSERT INTO Inventory_Curses(CopyID,CurseID) VALUES (85,20);
INSERT INTO Inventory_Curses(CopyID,CurseID) VALUES (111,9);
INSERT INTO Inventory_Curses(CopyID,CurseID) VALUES (229,16);
INSERT INTO Inventory_Curses(CopyID,CurseID) VALUES (23,6);
INSERT INTO Inventory_Curses(CopyID,CurseID) VALUES (394,5);
INSERT INTO Inventory_Curses(CopyID,CurseID) VALUES (11,48);
INSERT INTO Inventory_Curses(CopyID,CurseID) VALUES (154,42);
INSERT INTO Inventory_Curses(CopyID,CurseID) VALUES (317,25);
INSERT INTO Inventory_Curses(CopyID,CurseID) VALUES (123,39);
INSERT INTO Inventory_Curses(CopyID,CurseID) VALUES (32,40);
INSERT INTO Inventory_Curses(CopyID,CurseID) VALUES (39,41);
INSERT INTO Inventory_Curses(CopyID,CurseID) VALUES (351,31);
INSERT INTO Inventory_Curses(CopyID,CurseID) VALUES (212,3);
INSERT INTO Inventory_Curses(CopyID,CurseID) VALUES (121,29);
INSERT INTO Inventory_Curses(CopyID,CurseID) VALUES (152,5);
INSERT INTO Inventory_Curses(CopyID,CurseID) VALUES (9,1);
INSERT INTO Inventory_Curses(CopyID,CurseID) VALUES (265,36);
INSERT INTO Inventory_Curses(CopyID,CurseID) VALUES (310,11);
INSERT INTO Inventory_Curses(CopyID,CurseID) VALUES (208,40);
INSERT INTO Inventory_Curses(CopyID,CurseID) VALUES (137,38);
INSERT INTO Inventory_Curses(CopyID,CurseID) VALUES (239,19);
INSERT INTO Inventory_Curses(CopyID,CurseID) VALUES (165,15);
INSERT INTO Inventory_Curses(CopyID,CurseID) VALUES (257,18);
INSERT INTO Inventory_Curses(CopyID,CurseID) VALUES (174,44);
INSERT INTO Inventory_Curses(CopyID,CurseID) VALUES (276,35);
INSERT INTO Inventory_Curses(CopyID,CurseID) VALUES (155,41);
INSERT INTO Inventory_Curses(CopyID,CurseID) VALUES (285,2);
INSERT INTO Inventory_Curses(CopyID,CurseID) VALUES (334,43);
INSERT INTO Inventory_Curses(CopyID,CurseID) VALUES (371,24);
INSERT INTO Inventory_Curses(CopyID,CurseID) VALUES (129,32);
INSERT INTO Inventory_Curses(CopyID,CurseID) VALUES (176,21);
INSERT INTO Inventory_Curses(CopyID,CurseID) VALUES (259,3);
INSERT INTO Inventory_Curses(CopyID,CurseID) VALUES (156,11);
INSERT INTO Inventory_Curses(CopyID,CurseID) VALUES (221,49);
INSERT INTO Inventory_Curses(CopyID,CurseID) VALUES (348,27);
INSERT INTO Inventory_Curses(CopyID,CurseID) VALUES (173,2);
INSERT INTO Inventory_Curses(CopyID,CurseID) VALUES (68,22);
INSERT INTO Inventory_Curses(CopyID,CurseID) VALUES (65,12);
INSERT INTO Inventory_Curses(CopyID,CurseID) VALUES (267,43);
INSERT INTO Inventory_Curses(CopyID,CurseID) VALUES (207,18);
INSERT INTO Inventory_Curses(CopyID,CurseID) VALUES (204,37);
INSERT INTO Inventory_Curses(CopyID,CurseID) VALUES (347,35);
INSERT INTO Inventory_Curses(CopyID,CurseID) VALUES (305,19);
INSERT INTO Inventory_Curses(CopyID,CurseID) VALUES (119,12);
INSERT INTO Inventory_Curses(CopyID,CurseID) VALUES (33,15);
INSERT INTO Inventory_Curses(CopyID,CurseID) VALUES (332,4);
INSERT INTO Inventory_Curses(CopyID,CurseID) VALUES (245,18);
INSERT INTO Inventory_Curses(CopyID,CurseID) VALUES (366,27);
INSERT INTO Inventory_Curses(CopyID,CurseID) VALUES (212,49);
INSERT INTO Inventory_Curses(CopyID,CurseID) VALUES (223,50);
INSERT INTO Inventory_Curses(CopyID,CurseID) VALUES (303,28);
INSERT INTO Inventory_Curses(CopyID,CurseID) VALUES (204,42);
INSERT INTO Inventory_Curses(CopyID,CurseID) VALUES (296,2);
INSERT INTO Inventory_Curses(CopyID,CurseID) VALUES (308,29);
INSERT INTO Inventory_Curses(CopyID,CurseID) VALUES (138,39);
INSERT INTO Inventory_Curses(CopyID,CurseID) VALUES (298,8);
INSERT INTO Inventory_Curses(CopyID,CurseID) VALUES (137,25);
INSERT INTO Inventory_Curses(CopyID,CurseID) VALUES (225,40);
INSERT INTO Inventory_Curses(CopyID,CurseID) VALUES (369,12);
INSERT INTO Inventory_Curses(CopyID,CurseID) VALUES (342,34);
INSERT INTO Inventory_Curses(CopyID,CurseID) VALUES (116,21);
INSERT INTO Inventory_Curses(CopyID,CurseID) VALUES (74,14);
INSERT INTO Inventory_Curses(CopyID,CurseID) VALUES (76,47);
INSERT INTO Inventory_Curses(CopyID,CurseID) VALUES (2,29);
INSERT INTO Inventory_Curses(CopyID,CurseID) VALUES (394,37);
INSERT INTO Inventory_Curses(CopyID,CurseID) VALUES (190,10);
INSERT INTO Inventory_Curses(CopyID,CurseID) VALUES (11,38);
INSERT INTO Inventory_Curses(CopyID,CurseID) VALUES (75,6);
INSERT INTO Inventory_Curses(CopyID,CurseID) VALUES (262,26);
INSERT INTO Inventory_Curses(CopyID,CurseID) VALUES (107,11);
INSERT INTO Inventory_Curses(CopyID,CurseID) VALUES (167,24);
INSERT INTO Inventory_Curses(CopyID,CurseID) VALUES (145,41);
INSERT INTO Inventory_Curses(CopyID,CurseID) VALUES (152,45);
INSERT INTO Inventory_Curses(CopyID,CurseID) VALUES (282,31);
INSERT INTO Inventory_Curses(CopyID,CurseID) VALUES (232,36);
INSERT INTO Inventory_Curses(CopyID,CurseID) VALUES (285,22);
INSERT INTO Inventory_Curses(CopyID,CurseID) VALUES (91,47);
INSERT INTO Inventory_Curses(CopyID,CurseID) VALUES (194,33);
INSERT INTO Inventory_Curses(CopyID,CurseID) VALUES (116,10);
INSERT INTO Inventory_Curses(CopyID,CurseID) VALUES (379,25);
INSERT INTO Inventory_Curses(CopyID,CurseID) VALUES (298,48);
INSERT INTO Inventory_Curses(CopyID,CurseID) VALUES (359,31);
INSERT INTO Inventory_Curses(CopyID,CurseID) VALUES (267,4);
INSERT INTO Inventory_Curses(CopyID,CurseID) VALUES (288,42);
INSERT INTO Inventory_Curses(CopyID,CurseID) VALUES (334,46);
INSERT INTO Inventory_Curses(CopyID,CurseID) VALUES (173,15);
INSERT INTO Inventory_Curses(CopyID,CurseID) VALUES (15,2);
INSERT INTO Inventory_Curses(CopyID,CurseID) VALUES (4,12);
INSERT INTO Inventory_Curses(CopyID,CurseID) VALUES (344,7);
INSERT INTO Inventory_Curses(CopyID,CurseID) VALUES (317,17);
INSERT INTO Inventory_Curses(CopyID,CurseID) VALUES (48,49);
INSERT INTO Inventory_Curses(CopyID,CurseID) VALUES (339,28);
INSERT INTO Inventory_Curses(CopyID,CurseID) VALUES (308,25);
INSERT INTO Inventory_Curses(CopyID,CurseID) VALUES (385,5);
INSERT INTO Inventory_Curses(CopyID,CurseID) VALUES (100,45);
INSERT INTO Inventory_Curses(CopyID,CurseID) VALUES (179,30);
INSERT INTO Inventory_Curses(CopyID,CurseID) VALUES (119,6);
INSERT INTO Inventory_Curses(CopyID,CurseID) VALUES (283,4);
INSERT INTO Inventory_Curses(CopyID,CurseID) VALUES (334,42);
INSERT INTO Inventory_Curses(CopyID,CurseID) VALUES (95,11);
INSERT INTO Inventory_Curses(CopyID,CurseID) VALUES (330,13);
INSERT INTO Inventory_Curses(CopyID,CurseID) VALUES (309,25);
INSERT INTO Inventory_Curses(CopyID,CurseID) VALUES (101,23);
INSERT INTO Inventory_Curses(CopyID,CurseID) VALUES (219,4);
INSERT INTO Inventory_Curses(CopyID,CurseID) VALUES (131,9);
INSERT INTO Inventory_Curses(CopyID,CurseID) VALUES (183,15);
INSERT INTO Inventory_Curses(CopyID,CurseID) VALUES (329,24);
INSERT INTO Inventory_Curses(CopyID,CurseID) VALUES (36,37);
INSERT INTO Inventory_Curses(CopyID,CurseID) VALUES (207,48);
INSERT INTO Inventory_Curses(CopyID,CurseID) VALUES (76,42);
INSERT INTO Inventory_Curses(CopyID,CurseID) VALUES (157,3);
INSERT INTO Inventory_Curses(CopyID,CurseID) VALUES (99,8);
INSERT INTO Inventory_Curses(CopyID,CurseID) VALUES (345,46);
INSERT INTO Inventory_Curses(CopyID,CurseID) VALUES (362,21);
INSERT INTO Inventory_Curses(CopyID,CurseID) VALUES (317,19);
INSERT INTO Inventory_Curses(CopyID,CurseID) VALUES (233,31);
INSERT INTO Inventory_Curses(CopyID,CurseID) VALUES (186,41);
INSERT INTO Inventory_Curses(CopyID,CurseID) VALUES (169,9);
INSERT INTO Inventory_Curses(CopyID,CurseID) VALUES (211,20);
INSERT INTO Inventory_Curses(CopyID,CurseID) VALUES (334,22);
INSERT INTO Inventory_Curses(CopyID,CurseID) VALUES (249,49);
INSERT INTO Inventory_Curses(CopyID,CurseID) VALUES (381,50);
INSERT INTO Inventory_Curses(CopyID,CurseID) VALUES (341,26);
INSERT INTO Inventory_Curses(CopyID,CurseID) VALUES (176,14);
INSERT INTO Inventory_Curses(CopyID,CurseID) VALUES (307,48);
INSERT INTO Inventory_Curses(CopyID,CurseID) VALUES (340,17);
INSERT INTO Inventory_Curses(CopyID,CurseID) VALUES (10,35);
INSERT INTO Inventory_Curses(CopyID,CurseID) VALUES (313,4);
INSERT INTO Inventory_Curses(CopyID,CurseID) VALUES (335,25);
INSERT INTO Inventory_Curses(CopyID,CurseID) VALUES (135,45);
INSERT INTO Inventory_Curses(CopyID,CurseID) VALUES (77,48);
INSERT INTO Inventory_Curses(CopyID,CurseID) VALUES (387,37);
INSERT INTO Inventory_Curses(CopyID,CurseID) VALUES (156,38);
INSERT INTO Inventory_Curses(CopyID,CurseID) VALUES (207,16);
INSERT INTO Inventory_Curses(CopyID,CurseID) VALUES (273,42);
INSERT INTO Inventory_Curses(CopyID,CurseID) VALUES (199,6);
INSERT INTO Inventory_Curses(CopyID,CurseID) VALUES (73,24);
INSERT INTO Inventory_Curses(CopyID,CurseID) VALUES (104,29);
INSERT INTO Inventory_Curses(CopyID,CurseID) VALUES (384,44);
INSERT INTO Inventory_Curses(CopyID,CurseID) VALUES (390,21);
INSERT INTO Inventory_Curses(CopyID,CurseID) VALUES (329,14);
INSERT INTO Inventory_Curses(CopyID,CurseID) VALUES (298,1);
INSERT INTO Inventory_Curses(CopyID,CurseID) VALUES (69,28);
INSERT INTO Inventory_Curses(CopyID,CurseID) VALUES (267,29);
INSERT INTO Inventory_Curses(CopyID,CurseID) VALUES (125,33);
INSERT INTO Inventory_Curses(CopyID,CurseID) VALUES (24,3);
INSERT INTO Inventory_Curses(CopyID,CurseID) VALUES (389,10);
INSERT INTO Inventory_Curses(CopyID,CurseID) VALUES (333,22);
INSERT INTO Inventory_Curses(CopyID,CurseID) VALUES (359,6);
INSERT INTO Inventory_Curses(CopyID,CurseID) VALUES (144,47);
INSERT INTO Inventory_Curses(CopyID,CurseID) VALUES (373,8);
INSERT INTO Inventory_Curses(CopyID,CurseID) VALUES (267,40);
INSERT INTO Inventory_Curses(CopyID,CurseID) VALUES (215,43);
INSERT INTO Inventory_Curses(CopyID,CurseID) VALUES (164,44);
INSERT INTO Inventory_Curses(CopyID,CurseID) VALUES (341,46);
INSERT INTO Inventory_Curses(CopyID,CurseID) VALUES (108,26);
INSERT INTO Inventory_Curses(CopyID,CurseID) VALUES (243,5);
INSERT INTO Inventory_Curses(CopyID,CurseID) VALUES (353,21);
INSERT INTO Inventory_Curses(CopyID,CurseID) VALUES (174,18);
INSERT INTO Inventory_Curses(CopyID,CurseID) VALUES (377,1);
INSERT INTO Inventory_Curses(CopyID,CurseID) VALUES (161,12);
INSERT INTO Inventory_Curses(CopyID,CurseID) VALUES (384,25);
INSERT INTO Inventory_Curses(CopyID,CurseID) VALUES (164,41);
INSERT INTO Inventory_Curses(CopyID,CurseID) VALUES (24,24);
INSERT INTO Inventory_Curses(CopyID,CurseID) VALUES (136,49);
INSERT INTO Inventory_Curses(CopyID,CurseID) VALUES (243,10);
INSERT INTO Inventory_Curses(CopyID,CurseID) VALUES (64,26);
INSERT INTO Inventory_Curses(CopyID,CurseID) VALUES (298,47);
INSERT INTO Inventory_Curses(CopyID,CurseID) VALUES (292,23);
INSERT INTO Inventory_Curses(CopyID,CurseID) VALUES (358,38);
INSERT INTO Inventory_Curses(CopyID,CurseID) VALUES (372,13);
INSERT INTO Inventory_Curses(CopyID,CurseID) VALUES (275,24);
INSERT INTO Inventory_Curses(CopyID,CurseID) VALUES (124,48);
INSERT INTO Inventory_Curses(CopyID,CurseID) VALUES (291,37);
INSERT INTO Inventory_Curses(CopyID,CurseID) VALUES (225,50);
INSERT INTO Inventory_Curses(CopyID,CurseID) VALUES (346,43);
INSERT INTO Inventory_Curses(CopyID,CurseID) VALUES (153,9);
INSERT INTO Inventory_Curses(CopyID,CurseID) VALUES (37,35);
INSERT INTO Inventory_Curses(CopyID,CurseID) VALUES (342,10);
INSERT INTO Inventory_Curses(CopyID,CurseID) VALUES (99,7);
INSERT INTO Inventory_Curses(CopyID,CurseID) VALUES (213,38);
INSERT INTO Inventory_Curses(CopyID,CurseID) VALUES (364,37);
INSERT INTO Inventory_Curses(CopyID,CurseID) VALUES (93,31);
INSERT INTO Inventory_Curses(CopyID,CurseID) VALUES (117,30);
INSERT INTO Inventory_Curses(CopyID,CurseID) VALUES (174,48);
INSERT INTO Inventory_Curses(CopyID,CurseID) VALUES (54,17);
INSERT INTO Inventory_Curses(CopyID,CurseID) VALUES (278,41);
INSERT INTO Inventory_Curses(CopyID,CurseID) VALUES (86,26);
INSERT INTO Inventory_Curses(CopyID,CurseID) VALUES (392,12);
INSERT INTO Inventory_Curses(CopyID,CurseID) VALUES (154,23);
INSERT INTO Inventory_Curses(CopyID,CurseID) VALUES (2,18);
INSERT INTO Inventory_Curses(CopyID,CurseID) VALUES (50,46);
INSERT INTO Inventory_Curses(CopyID,CurseID) VALUES (307,36);
INSERT INTO Inventory_Curses(CopyID,CurseID) VALUES (362,8);
INSERT INTO Inventory_Curses(CopyID,CurseID) VALUES (334,22);
INSERT INTO Inventory_Curses(CopyID,CurseID) VALUES (311,34);




SET FOREIGN_KEY_CHECKS=@OLD_FOREIGN_KEY_CHECKS;
SET UNIQUE_CHECKS=@OLD_UNIQUE_CHECKS;